SMILES;Name;Cluster;Center
CC(=O)[C@@H](C)C(=O)SCCNC(=O)CCNC(=O)[C@H](O)C(C)(C)CO[P@](=O)([O-])O[P@](=O)([O-])OC[C@H]1O[C@H](n2cnc3c(N)ncnc32)[C@@H](O)[C@H]1OP(=O)([O-])[O-];2-METHYL-ACETO-ACETYL-COA;0;No
CC[C@@H](C)C(=O)SCCNC(=O)CCNC(=O)[C@@H](O)C(C)(C)CO[P@](=O)([O-])O[P@@](=O)([O-])OC[C@H]1O[C@H](n2cnc3c(N)ncnc32)[C@@H](O)[C@H]1OP(=O)([O-])[O-];2-METHYL-BUTYRYL-COA;0;No
C[C@](CO)(OP(=O)([O-])[O-])[C@H](O)CO[P@@](=O)([O-])O[P@@](=O)([O-])OC[C@H]1O[C@H](n2ccc(N)nc2=O)[C@@H](O)[C@@H]1O;2-PHOSPHO-4-CYTIDINE-5-DIPHOSPHO-2-C-MET;0;No
CC(C)(CO[P@@](=O)([O-])O[P@](=O)([O-])OC[C@H]1O[C@@H](n2cnc3c(N)ncnc32)[C@H](O)[C@H]1OP(=O)([O-])[O-])[C@H](O)C(=O)NCCC(=O)NCCSC(=O)C[C@@](C)(O)CC(=O)[O-];3-HYDROXY-3-METHYL-GLUTARYL-COA;0;No
CC(C)(CO[P@@](=O)([O-])O[P@](=O)([O-])OC[C@@H]1O[C@H](n2cnc3c(N)ncnc32)[C@H](O)[C@H]1OP(=O)([O-])[O-])[C@@H](O)C(=O)NCCC(=O)NCCSC(=O)CCO;3-HYDROXY-PROPIONYL-COA;0;No
CC(C)=CC(=O)SCCNC(=O)CCNC(=O)[C@H](O)C(C)(C)CO[P@](=O)([O-])O[P@@](=O)([O-])OC[C@@H]1O[C@H](n2cnc3c(N)ncnc32)[C@@H](O)[C@H]1OP(=O)([O-])[O-];3-METHYL-CROTONYL-COA;0;No
C[C@@](O)(CO)[C@@H](O)CO[P@@](=O)([O-])O[P@@](=O)([O-])OC[C@@H]1O[C@@H](n2ccc(N)nc2=O)[C@@H](O)[C@@H]1O;4-CYTIDINE-5-DIPHOSPHO-2-C;0;No
CC(C)(CO[P@@](=O)([O-])O[P@](=O)([O-])OC[C@H]1O[C@H](n2cnc3c(N)ncnc32)[C@H](O)[C@@H]1OP(=O)([O-])[O-])[C@H](O)C(=O)NCCC(=O)NCCSC(=O)CCCO;4-HYDROXY-BUTYRYL-COA;0;No
CC(=O)CC(=O)SCCNC(=O)CCNC(=O)[C@@H](O)C(C)(C)CO[P@](=O)([O-])O[P@](=O)([O-])OC[C@H]1O[C@H](n2cnc3c(N)ncnc32)[C@@H](O)[C@H]1OP(=O)([O-])[O-];ACETOACETYL-COA;0;No
CC(=O)SCCNC(=O)CCNC(=O)[C@@H](O)C(C)(C)CO[P@@](=O)([O-])O[P@@](=O)([O-])OC[C@@H]1O[C@@H](n2cnc3c(N)ncnc32)[C@H](O)[C@@H]1OP(=O)([O-])[O-];ACETYL-COA;0;No
C=CC(=O)SCCNC(=O)CCNC(=O)[C@@H](O)C(C)(C)CO[P@](=O)([O-])O[P@@](=O)([O-])OC[C@H]1O[C@H](n2cnc3c(N)ncnc32)[C@@H](O)[C@@H]1OP(=O)([O-])[O-];ACRYLYL-COA;0;No
Nc1ncnc2c1ncn2[C@@H]1O[C@@H](CO[P@@](=O)([O-])O[P@](=O)([O-])O[C@@H]2O[C@@H](CO)[C@@H](O)[C@@H](O)[C@@H]2O)[C@@H](O)[C@@H]1O;ADP-D-GLUCOSE;0;No
CC(C)(CO[P@](=O)([O-])O[P@](=O)([O-])OC[C@@H]1O[C@@H](n2cnc3c(N)ncnc32)[C@H](O)[C@@H]1OP(=O)([O-])[O-])[C@@H](O)C(=O)NCCC(=O)NCCSC(=O)c1ccccc1;BENZOYLCOA;0;No
CC(C)(CO[P@@](=O)([O-])O[P@](=O)([O-])OC[C@H]1O[C@H](n2cnc3c(N)ncnc32)[C@@H](O)[C@@H]1OP(=O)([O-])[O-])[C@H](O)C(=O)NCCC(=O)NCCSC(=O)/C=C/c1ccccc1;CINNAMOYL-COA;0;No
Nc1ccn([C@H]2O[C@@H](CO[P@@](=O)([O-])O[C@]3(C(=O)[O-])C[C@@H](O)[C@H](O)[C@@H]([C@H](O)CO)O3)[C@H](O)[C@H]2O)c(=O)n1;CMP-KDO;0;No
CC(C)(CO[P@@](=O)([O-])O[P@@](=O)([O-])OC[C@@H]1O[C@H](n2cnc3c(N)ncnc32)[C@H](O)[C@H]1OP(=O)([O-])[O-])[C@@H](O)C(=O)NCCC(=O)NCCS;CO-A;0;No
CCCCCCCCCC(=O)SCCNC(=O)CCNC(=O)[C@@H](O)C(C)(C)CO[P@@](=O)([O-])O[P@@](=O)([O-])OC[C@H]1O[C@@H](n2cnc3c(N)ncnc32)[C@H](O)[C@H]1OP(=O)([O-])[O-];CPD-10267;0;No
CCCCCC/C=C/CCCCCCCC(=O)SCCNC(=O)CCNC(=O)[C@H](O)C(C)(C)CO[P@](=O)([O-])O[P@](=O)([O-])OC[C@H]1O[C@H](n2cnc3c(N)ncnc32)[C@@H](O)[C@@H]1OP(=O)([O-])[O-];CPD-10269;0;No
CCCCCCCCCCCCCCCCCCCCCCCC(=O)SCCNC(=O)CCNC(=O)[C@@H](O)C(C)(C)CO[P@@](=O)([O-])O[P@@](=O)([O-])OC[C@@H]1O[C@H](n2cnc3c(N)ncnc32)[C@@H](O)[C@@H]1OP(=O)([O-])[O-];CPD-10280;0;No
CCCCCCCCCCCCCCCCCCCC(=O)CC(=O)SCCNC(=O)CCNC(=O)[C@@H](O)C(C)(C)CO[P@@](=O)([O-])O[P@@](=O)([O-])OC[C@H]1O[C@H](n2cnc3c(N)ncnc32)[C@H](O)[C@H]1OP(=O)([O-])[O-];CPD-10283;0;No
CC(C)(CO[P@@](=O)(O)O[P@@](=O)(O)OC[C@@H]1O[C@@H](n2cnc3c(N)ncnc32)[C@H](O)[C@H]1OP(=O)(O)O)[C@H](O)C(=O)NCCC(=O)NCCSC(=O)/C=C\Cc1c[nH]c2ccccc12;CPD-10516;0;No
CC(C)(CO[P@](=O)(O)O[P@@](=O)(O)OC[C@H]1O[C@H](n2cnc3c(N)ncnc32)[C@@H](O)[C@H]1OP(=O)(O)O)[C@@H](O)C(=O)NCCC(=O)NCCSC(=O)C[C@H](O)Cc1c[nH]c2ccccc12;CPD-10517;0;No
CC(C)(CO[P@@](=O)(O)O[P@@](=O)(O)OC[C@@H]1O[C@H](n2cnc3c(N)ncnc32)[C@H](O)[C@H]1OP(=O)(O)O)[C@@H](O)C(=O)NCCC(=O)NCCSC(=O)CC(=O)Cc1c[nH]c2ccccc12;CPD-10518;0;No
CC(C)(CO[P@](=O)(O)O[P@](=O)(O)OC[C@H]1O[C@H](n2cnc3c(N)ncnc32)[C@@H](O)[C@@H]1OP(=O)(O)O)[C@@H](O)C(=O)NCCC(=O)NCCSC(=O)C[C@@H]1CN[C@@H]2CCCC[C@@H]12;CPD-10519;0;No
C[C@@H]1O[C@H](O[P@@](=O)([O-])O[P@@](=O)([O-])OC[C@H]2O[C@@H](n3ccc(=O)[nH]c3=O)[C@@H](O)[C@H]2O)[C@H](O)[C@@H](O)[C@H]1O;CPD-10542;0;No
CC(C)(CO[P@](=O)([O-])O[P@](=O)([O-])OC[C@H]1O[C@H](n2cnc3c(N)ncnc32)[C@@H](O)[C@H]1OP(=O)([O-])[O-])[C@@H](O)C(=O)NCCC(=O)NCCSC(=O)CC(=O)c1ccc(O)cc1;CPD-10600;0;No
C/C=C(/C)C(=O)SCCNC(=O)CCNC(=O)[C@@H](O)C(C)(C)CO[P@](=O)([O-])O[P@](=O)([O-])OC[C@@H]1O[C@@H](n2cnc3c(N)ncnc32)[C@H](O)[C@@H]1OP(=O)([O-])[O-];CPD-1083;0;No
CC/C=C/C[C@H]1C(=O)CC[C@@H]1CCCCC[C@@H](O)CC(=O)SCCNC(=O)CCNC(=O)[C@H](O)C(C)(C)CO[P@@](=O)([O-])O[P@@](=O)([O-])OC[C@H]1O[C@H](n2cnc3c(N)ncnc32)[C@@H](O)[C@@H]1OP(=O)([O-])[O-];CPD-11519;0;No
CC/C=C\C[C@H]1C(=O)CC[C@@H]1CCCCCC(=O)CC(=O)SCCNC(=O)CCNC(=O)[C@@H](O)C(C)(C)CO[P@](=O)([O-])O[P@@](=O)([O-])OC[C@H]1O[C@H](n2cnc3c(N)ncnc32)[C@@H](O)[C@@H]1OP(=O)([O-])[O-];CPD-11520;0;No
CC/C=C/C[C@@H]1C(=O)CC[C@@H]1CCCCCC(=O)SCCNC(=O)CCNC(=O)[C@@H](O)C(C)(C)CO[P@](=O)([O-])O[P@](=O)([O-])OC[C@@H]1O[C@@H](n2cnc3c(N)ncnc32)[C@H](O)[C@@H]1OP(=O)([O-])[O-];CPD-11521;0;No
CC/C=C/C[C@H]1C(=O)CC[C@@H]1CCC/C=C\C(=O)SCCNC(=O)CCNC(=O)[C@@H](O)C(C)(C)CO[P@@](=O)([O-])O[P@](=O)([O-])OC[C@@H]1O[C@@H](n2cnc3c(N)ncnc32)[C@H](O)[C@@H]1OP(=O)([O-])[O-];CPD-11522;0;No
CC/C=C/C[C@@H]1C(=O)CC[C@H]1CCC[C@H](O)CC(=O)SCCNC(=O)CCNC(=O)[C@@H](O)C(C)(C)CO[P@@](=O)([O-])O[P@@](=O)([O-])OC[C@@H]1O[C@@H](n2cnc3c(N)ncnc32)[C@H](O)[C@@H]1OP(=O)([O-])[O-];CPD-11523;0;No
CC/C=C\C[C@H]1C(=O)CC[C@@H]1CCCC(=O)CC(=O)SCCNC(=O)CCNC(=O)[C@H](O)C(C)(C)CO[P@](=O)([O-])O[P@@](=O)([O-])OC[C@H]1O[C@H](n2cnc3c(N)ncnc32)[C@@H](O)[C@@H]1OP(=O)([O-])[O-];CPD-11524;0;No
CC/C=C/C[C@H]1C(=O)CC[C@@H]1CCCC(=O)SCCNC(=O)CCNC(=O)[C@H](O)C(C)(C)CO[P@@](=O)([O-])O[P@](=O)([O-])OC[C@H]1O[C@H](n2cnc3c(N)ncnc32)[C@@H](O)[C@H]1OP(=O)([O-])[O-];CPD-11525;0;No
CC/C=C/C[C@H]1C(=O)CC[C@@H]1C/C=C\C(=O)SCCNC(=O)CCNC(=O)[C@@H](O)C(C)(C)CO[P@@](=O)([O-])O[P@](=O)([O-])OC[C@H]1O[C@H](n2cnc3c(N)ncnc32)[C@@H](O)[C@H]1OP(=O)([O-])[O-];CPD-11526;0;No
CC/C=C/C[C@H]1C(=O)CC[C@@H]1C[C@@H](O)CC(=O)SCCNC(=O)CCNC(=O)[C@@H](O)C(C)(C)CO[P@](=O)([O-])O[P@@](=O)([O-])OC[C@H]1O[C@H](n2cnc3c(N)ncnc32)[C@@H](O)[C@@H]1OP(=O)([O-])[O-];CPD-11527;0;No
CC/C=C\C[C@@H]1C(=O)CC[C@@H]1CC(=O)CC(=O)SCCNC(=O)CCNC(=O)[C@H](O)C(C)(C)CO[P@@](=O)([O-])O[P@@](=O)([O-])OC[C@@H]1O[C@H](n2cnc3c(N)ncnc32)[C@@H](O)[C@@H]1OP(=O)([O-])[O-];CPD-11528;0;No
CC/C=C/C[C@@H]1C(=O)CC[C@H]1CC(=O)SCCNC(=O)CCNC(=O)[C@H](O)C(C)(C)CO[P@](=O)([O-])O[P@@](=O)([O-])OC[C@H]1O[C@H](n2cnc3c(N)ncnc32)[C@@H](O)[C@@H]1OP(=O)([O-])[O-];CPD-11529;0;No
C[C@H]1O[C@H](O[P@](=O)([O-])O[P@](=O)([O-])OC[C@@H]2O[C@@H](n3ccc(=O)[nH]c3=O)[C@H](O)[C@H]2O)[C@@H](O)[C@@H](O)C1=O;CPD-11540;0;No
COc1cc([C@H](O)CC(=O)SCCNC(=O)CCNC(=O)[C@@H](O)C(C)(C)CO[P@@](=O)([O-])O[P@](=O)([O-])OC[C@@H]2O[C@@H](n3cnc4c(N)ncnc43)[C@@H](O)[C@H]2OP(=O)([O-])[O-])ccc1O;CPD-11881;0;No
CC(C)(CO[P@](=O)([O-])O[P@](=O)([O-])OC[C@H]1O[C@H](n2cnc3c(N)ncnc32)[C@@H](O)[C@@H]1OP(=O)([O-])[O-])[C@@H](O)C(=O)NCCC(=O)NCCSC(=O)c1ccccc1O;CPD-12112;0;No
C[C@H](CO)C(=O)SCCNC(=O)CCNC(=O)[C@H](O)C(C)(C)CO[P@](=O)([O-])O[P@@](=O)([O-])OC[C@@H]1O[C@@H](n2cnc3c(N)ncnc32)[C@H](O)[C@@H]1OP(=O)([O-])[O-];CPD-12173;0;No
COc1cc(/C=C/C(=O)CC(=O)SCCNC(=O)CCNC(=O)[C@H](O)C(C)(C)CO[P@](=O)([O-])O[P@@](=O)([O-])OC[C@@H]2O[C@H](n3cnc4c(N)ncnc43)[C@@H](O)[C@@H]2OP(=O)([O-])[O-])ccc1O;CPD-12180;0;No
CC(C)(CO[P@@](=O)([O-])O[P@@](=O)([O-])OC[C@@H]1O[C@@H](n2cnc3c(N)ncnc32)[C@H](O)[C@H]1OP(=O)([O-])[O-])[C@H](O)C(=O)NCCC(=O)NCCSC(=O)CC(=O)/C=C/c1ccc(O)cc1;CPD-12184;0;No
CC(C)(CO[P@](=O)([O-])O[P@@](=O)([O-])OC[C@H]1O[C@H](n2cnc3c(N)ncnc32)[C@@H](O)[C@@H]1OP(=O)([O-])[O-])[C@H](O)C(=O)NCCC(=O)NCCSC(=O)C[C@@H](O)c1ccc(O)cc1;CPD-12199;0;No
O=c1ccn([C@H]2O[C@H](CO[P@@](=O)([O-])O[P@@](=O)([O-])O[C@@H]3O[C@@H](CO)[C@@H](O)[C@H](O)[C@H]3O)[C@H](O)[C@H]2O)c(=O)[nH]1;CPD-12575;0;No
C[C@H]1O[C@H](O[P@@](=O)([O-])O[P@](=O)([O-])OC[C@@H]2O[C@@H](n3cnc4c(=O)[nH]c(N)nc43)[C@@H](O)[C@@H]2O)[C@H](O)[C@@H](O)[C@@H]1O;CPD-13118;0;No
COc1cc(/C=C/C(=O)SCCNC(=O)CCNC(=O)[C@@H](O)C(C)(C)CO[P@](=O)([O-])O[P@@](=O)([O-])OC[C@@H]2O[C@@H](n3cnc4c(N)ncnc43)[C@H](O)[C@H]2OP(=O)([O-])[O-])c(O)cc1O;CPD-13328;0;No
Nc1ncnc2c1ncn2[C@@H]1O[C@@H](CO[P@](=O)([O-])O[Se](=O)(=O)O)[C@H](O)[C@H]1O;CPD-13713;0;No
CCCCCCCCCCCCCCCCCC(=O)CC(=O)SCCNC(=O)CCNC(=O)[C@@H](O)C(C)(C)CO[P@@](=O)([O-])O[P@@](=O)([O-])OC[C@H]1O[C@@H](n2cnc3c(N)ncnc32)[C@@H](O)[C@@H]1OP(=O)([O-])[O-];CPD-14271;0;No
CCCCCCCCCCCCCCCCCCCCCC(=O)CC(=O)SCCNC(=O)CCNC(=O)[C@H](O)C(C)(C)CO[P@@](=O)([O-])O[P@](=O)([O-])OC[C@@H]1O[C@H](n2cnc3c(N)ncnc32)[C@@H](O)[C@H]1OP(=O)([O-])[O-];CPD-14273;0;No
CCCCCCCCCCCCCCCCCCCCCCCC(=O)CC(=O)SCCNC(=O)CCNC(=O)[C@@H](O)C(C)(C)CO[P@@](=O)([O-])O[P@@](=O)([O-])OC[C@H]1O[C@H](n2cnc3c(N)ncnc32)[C@@H](O)[C@@H]1OP(=O)([O-])[O-];CPD-14274;0;No
CCCCCCCCCCCCCCCCC[C@@H](O)CC(=O)SCCNC(=O)CCNC(=O)[C@@H](O)C(C)(C)CO[P@](=O)([O-])O[P@](=O)([O-])OC[C@H]1O[C@H](n2cnc3c(N)ncnc32)[C@@H](O)[C@H]1OP(=O)([O-])[O-];CPD-14275;0;No
CCCCCCCCCCCCCCCCCCC[C@H](O)CC(=O)SCCNC(=O)CCNC(=O)[C@H](O)C(C)(C)CO[P@@](=O)([O-])O[P@@](=O)([O-])OC[C@@H]1O[C@H](n2cnc3c(N)ncnc32)[C@@H](O)[C@@H]1OP(=O)([O-])[O-];CPD-14276;0;No
CCCCCCCCCCCCCCCCCCCCC[C@H](O)CC(=O)SCCNC(=O)CCNC(=O)[C@H](O)C(C)(C)CO[P@](=O)([O-])O[P@@](=O)([O-])OC[C@@H]1O[C@@H](n2cnc3c(N)ncnc32)[C@H](O)[C@@H]1OP(=O)([O-])[O-];CPD-14277;0;No
CCCCCCCC/C=C\CCCCCCCC(=O)CC(=O)SCCNC(=O)CCNC(=O)[C@@H](O)C(C)(C)CO[P@@](=O)([O-])O[P@@](=O)([O-])OC[C@@H]1O[C@@H](n2cnc3c(N)ncnc32)[C@H](O)[C@H]1OP(=O)([O-])[O-];CPD-14300;0;No
CC(C)(CO[P@](=O)([O-])O[P@](=O)([O-])OC[C@@H]1O[C@@H](n2cnc3c(N)ncnc32)[C@H](O)[C@@H]1OP(=O)([O-])[O-])[C@H](O)C(=O)NCCC(=O)NCCSC(=O)CCCCCCCCCCCCCCCCCCCCC(=O)[O-];CPD-14775;0;No
CC(C)(CO[P@](=O)([O-])O[P@@](=O)([O-])OC[C@@H]1O[C@@H](n2cnc3c(N)ncnc32)[C@H](O)[C@@H]1OP(=O)([O-])[O-])[C@@H](O)C(=O)NCCC(=O)NCCSC(=O)CCCCCCCCCCCCCCCCCCCCCO;CPD-14826;0;No
CCCCC[C@H](O)CC(=O)SCCNC(=O)CCNC(=O)[C@@H](O)C(C)(C)CO[P@@](=O)([O-])O[P@@](=O)([O-])OC[C@H]1O[C@H](n2cnc3c(N)ncnc32)[C@@H](O)[C@H]1OP(=O)([O-])[O-];CPD-14916;0;No
CCCCCCCC/C=C/CCCCCCC[C@H](O)CC(=O)SCCNC(=O)CCNC(=O)[C@@H](O)C(C)(C)CO[P@@](=O)([O-])O[P@](=O)([O-])OC[C@H]1O[C@H](n2cnc3c(N)ncnc32)[C@@H](O)[C@H]1OP(=O)([O-])[O-];CPD-15361;0;No
CCCCCCCC/C=C\CCCCCCCCCC(=O)SCCNC(=O)CCNC(=O)[C@H](O)C(C)(C)CO[P@](=O)([O-])O[P@@](=O)([O-])OC[C@@H]1O[C@@H](n2cnc3c(N)ncnc32)[C@H](O)[C@H]1OP(=O)([O-])[O-];CPD-15363;0;No
CCCCCC[C@@H](O)C/C=C\CCCCCCCC(=O)SCCNC(=O)CCNC(=O)[C@@H](O)C(C)(C)CO[P@@](=O)([O-])O[P@@](=O)([O-])OC[C@H]1O[C@@H](n2cnc3c(N)ncnc32)[C@H](O)[C@H]1OP(=O)([O-])[O-];CPD-15364;0;No
CC/C=C\CC[C@H](O)C/C=C/CCCCCCCC(=O)SCCNC(=O)CCNC(=O)[C@H](O)C(C)(C)CO[P@@](=O)([O-])O[P@@](=O)([O-])OC[C@H]1O[C@H](n2cnc3c(N)ncnc32)[C@@H](O)[C@H]1OP(=O)([O-])[O-];CPD-15365;0;No
CCCCCC[C@H](O)C/C=C\CCCCCCCCCC(=O)SCCNC(=O)CCNC(=O)[C@H](O)C(C)(C)CO[P@@](=O)([O-])O[P@](=O)([O-])OC[C@@H]1O[C@@H](n2cnc3c(N)ncnc32)[C@H](O)[C@H]1OP(=O)([O-])[O-];CPD-15366;0;No
CCCCCC[C@@H](O)C/C=C/CCCCCCCC(=O)CC(=O)SCCNC(=O)CCNC(=O)[C@@H](O)C(C)(C)CO[P@](=O)([O-])O[P@@](=O)([O-])OC[C@H]1O[C@H](n2cnc3c(N)ncnc32)[C@@H](O)[C@H]1OP(=O)([O-])[O-];CPD-15368;0;No
CCCCCC[C@@H](O)C/C=C\CCCCCCC[C@H](O)CC(=O)SCCNC(=O)CCNC(=O)[C@@H](O)C(C)(C)CO[P@@](=O)([O-])O[P@@](=O)([O-])OC[C@@H]1O[C@H](n2cnc3c(N)ncnc32)[C@@H](O)[C@@H]1OP(=O)([O-])[O-];CPD-15369;0;No
CCCCCC[C@@H](O)C/C=C\CCCCCCC/C=C\C(=O)SCCNC(=O)CCNC(=O)[C@H](O)C(C)(C)CO[P@@](=O)([O-])O[P@@](=O)([O-])OC[C@@H]1O[C@@H](n2cnc3c(N)ncnc32)[C@H](O)[C@H]1OP(=O)([O-])[O-];CPD-15370;0;No
CC(C)(CO[P@@](=O)([O-])O[P@@](=O)([O-])OC[C@H]1O[C@@H](n2cnc3c(N)ncnc32)[C@@H](O)[C@@H]1OP(=O)([O-])[O-])[C@@H](O)C(=O)NCCC(=O)NCCSC(=O)CCCCCCC/C=C\CCCCCCCCO;CPD-17370;0;No
CC(C)(CO[P@](=O)([O-])O[P@](=O)([O-])OC[C@@H]1O[C@@H](n2cnc3c(N)ncnc32)[C@H](O)[C@@H]1OP(=O)([O-])[O-])[C@H](O)C(=O)NCCC(=O)NCCSC(=O)CCCCCCC/C=C\C/C=C/CCCCCO;CPD-17371;0;No
CC(C)(CO[P@@](=O)([O-])O[P@](=O)([O-])OC[C@H]1O[C@H](n2cnc3c(N)ncnc32)[C@@H](O)[C@@H]1OP(=O)([O-])[O-])[C@@H](O)C(=O)NCCC(=O)NCCSC(=O)CCCCCCCCCCCCCCCO;CPD-17621;0;No
CC(C)(CO[P@](=O)([O-])O[P@](=O)([O-])OC[C@H]1O[C@H](n2cnc3c(N)ncnc32)[C@@H](O)[C@H]1OP(=O)([O-])[O-])[C@@H](O)C(=O)NCCC(=O)NCCSC(=O)CCCCCCCCCCCCCCCCCCCCC=O;CPD-17633;0;No
CC[C@@H](C(=O)[O-])C(=O)SCCNC(=O)CCNC(=O)[C@H](O)C(C)(C)CO[P@](=O)([O-])O[P@](=O)([O-])OC[C@H]1O[C@H](n2cnc3c(N)ncnc32)[C@@H](O)[C@H]1OP(=O)([O-])[O-];CPD-17635;0;No
CCCCC[C@H](O)CCCCCC(=O)SCCNC(=O)CCNC(=O)[C@H](O)C(C)(C)CO[P@](=O)([O-])O[P@@](=O)([O-])OC[C@H]1O[C@H](n2cnc3c(N)ncnc32)[C@H](O)[C@H]1OP(=O)([O-])[O-];CPD-17638;0;No
CC(C)(CO[P@](=O)([O-])O[P@](=O)([O-])OC[C@@H]1O[C@@H](n2cnc3c(N)ncnc32)[C@H](O)[C@@H]1OP(=O)([O-])[O-])[C@H](O)C(=O)NCCC(=O)NCCSC(=O)CCCCCCCCCCCCCCCCCO;CPD-17641;0;No
CCCCCCCC(=O)SCCNC(=O)CCNC(=O)[C@H](O)C(C)(C)CO[P@@](=O)([O-])O[P@@](=O)([O-])OC[C@@H]1O[C@@H](n2cnc3c(N)ncnc32)[C@H](O)[C@H]1OP(=O)([O-])[O-];CPD-196;0;No
CC(C)(CO[P@](=O)([O-])O[P@@](=O)([O-])OC[C@H]1O[C@H](n2cnc3c(N)ncnc32)[C@@H](O)[C@H]1OP(=O)([O-])[O-])[C@@H](O)C(=O)NCCC(=O)NCCSC(=O)c1ccc(O)cc1;CPD-201;0;No
CC(C)(CO[P@@](=O)([O-])O[P@@](=O)([O-])OC[C@H]1O[C@H](n2cnc3c(N)ncnc32)[C@@H](O)[C@@H]1OP(=O)([O-])[O-])[C@H](O)C(=O)NCCC(=O)NCCSC(=O)c1cccc(O)c1;CPD-264;0;No
C/C(=C/CNc1ncnc2c1ncn2[C@H]1O[C@H](CO[P@@](=O)([O-])O[P@](=O)([O-])O[P@@](=O)([O-])O)[C@@H](O)[C@@H]1O)CO;CPD-4202;0;No
C/C(=C\CNc1ncnc2c1ncn2[C@H]1O[C@H](CO[P@](=O)([O-])OP(=O)([O-])[O-])[C@@H](O)[C@@H]1O)CO;CPD-4204;0;No
C/C(=C\CNc1ncnc2c1ncn2[C@H]1O[C@@H](CO)[C@@H](O)[C@@H]1O)CO;CPD-4208;0;No
C/C(=C/CNc1ncnc2c1ncn2[C@@H]1O[C@@H](CO)[C@H](O)[C@@H](O)[C@@H]1O)CO;CPD-4613;0;No
C[C@@H](CO)CCNc1ncnc2ncn([C@H]3O[C@H](CO)[C@@H](O)[C@H](O)[C@@H]3O)c12;CPD-4615;0;No
C[C@H](CO)CCNc1ncnc2c1ncn2[C@H]1O[C@@H](CO)[C@@H](O)[C@H](O)[C@H]1O;CPD-4616;0;No
C/C(=C/CNc1ncnc2ncn([C@@H]3O[C@@H](CO)[C@H](O)[C@H](O)[C@@H]3O)c12)CO;CPD-4618;0;No
C/C(=C/CNc1ncnc2c1ncn2[C@@H]1O[C@@H](CO)[C@@H](O)[C@H](O)[C@H]1O)CO[C@@H]1O[C@@H](CO)[C@H](O)[C@@H](O)[C@H]1O;CPD-4622;0;No
CC(C)(CO[P@](=O)([O-])O[P@](=O)([O-])OC[C@H]1O[C@@H](n2cnc3c(N)ncnc32)[C@H](O)[C@@H]1OP(=O)([O-])[O-])[C@@H](O)C(=O)NCCC(=O)NCCSC(=O)CCc1ccccc1;CPD-503;0;No
CC(C)(CO[P@@](=O)([O-])O[P@@](=O)([O-])OC[C@@H]1O[C@@H](n2cnc3c(N)ncnc32)[C@H](O)[C@H]1OP(=O)([O-])[O-])[C@H](O)C(=O)NCCC(=O)NCCSC(=O)C[C@@H](O)c1ccccc1;CPD-513;0;No
CC(C)(CO[P@@](=O)([O-])O[P@](=O)([O-])OC[C@H]1O[C@H](n2cnc3c(N)ncnc32)[C@@H](O)[C@@H]1OP(=O)([O-])[O-])[C@@H](O)C(=O)NCCC(=O)NCCSC(=O)[C@@H](O)Cc1ccccc1;CPD-5922;0;No
C[C@@H](O)CC(=O)SCCNC(=O)CCNC(=O)[C@@H](O)C(C)(C)CO[P@@](=O)([O-])O[P@](=O)([O-])OC[C@@H]1O[C@@H](n2cnc3c(N)ncnc32)[C@@H](O)[C@@H]1OP(=O)([O-])[O-];CPD-650;0;No
CC(C)(CO[P@@](=O)([O-])O[P@@](=O)([O-])OC[C@@H]1O[C@@H](n2cnc3c(N)ncnc32)[C@H](O)[C@H]1OP(=O)([O-])[O-])[C@H](O)C(=O)NCCC(=O)NCCSC(=O)CCC(=O)c1ccccc1C(=O)[O-];CPD-6972;0;No
CCCCCCCCCCCCCC/C=C\CCCC(=O)SCCNC(=O)CCNC(=O)[C@@H](O)C(C)(C)CO[P@](=O)([O-])O[P@@](=O)([O-])OC[C@@H]1O[C@@H](n2cnc3c(N)ncnc32)[C@H](O)[C@H]1OP(=O)([O-])[O-];CPD-8171;0;No
CC(C)(CO[P@](=O)([O-])O[P@@](=O)([O-])OC[C@H]1O[C@H](n2cnc3c(N)ncnc32)[C@@H](O)[C@H]1OP(=O)([O-])[O-])[C@@H](O)C(=O)NCCC(=O)NCCSC(=O)C[C@@H]([NH3+])c1ccccc1;CPD-9207;0;No
C[C@@H](CC(=O)[O-])C(=O)SCCNC(=O)CCNC(=O)[C@H](O)C(C)(C)CO[P@](=O)([O-])O[P@](=O)([O-])OC[C@H]1O[C@H](n2cnc3c(N)ncnc32)[C@@H](O)[C@@H]1OP(=O)([O-])[O-];CPD-9407;0;No
C[N@H+]1CCC[C@@H]1CC(=O)SCCNC(=O)CCNC(=O)[C@H](O)C(C)(C)CO[P@](=O)([O-])O[P@@](=O)([O-])OC[C@@H]1O[C@@H](n2cnc3c(N)ncnc32)[C@H](O)[C@@H]1OP(=O)([O-])[O-];CPD-9771;0;No
C[N@@H+]1CCC[C@H]1CC(=O)CC(=O)SCCNC(=O)CCNC(=O)[C@H](O)C(C)(C)CO[P@](=O)([O-])O[P@@](=O)([O-])OC[C@@H]1O[C@@H](n2cnc3c(N)ncnc32)[C@H](O)[C@@H]1OP(=O)([O-])[O-];CPD-9772;0;No
CCCCCCCCCCCCCCCCCCCC(=O)SCCNC(=O)CCNC(=O)[C@H](O)C(C)(C)CO[P@@](=O)([O-])O[P@](=O)([O-])OC[C@@H]1O[C@H](n2cnc3c(N)ncnc32)[C@@H](O)[C@H]1OP(=O)([O-])[O-];CPD-9965;0;No
CCCCCC(=O)CC(=O)SCCNC(=O)CCNC(=O)[C@@H](O)C(C)(C)CO[P@](=O)([O-])O[P@@](=O)([O-])OC[C@H]1O[C@H](n2cnc3c(N)ncnc32)[C@@H](O)[C@@H]1OP(=O)([O-])[O-];CPD0-2106;0;No
CCCCCCCCCCCCCCCCCCCCCCCCCC(=O)SCCNC(=O)CCNC(=O)[C@@H](O)C(C)(C)CO[P@@](=O)([O-])O[P@@](=O)([O-])OC[C@@H]1O[C@@H](n2cnc3c(N)ncnc32)[C@H](O)[C@H]1OP(=O)([O-])[O-];CPD1G-277;0;No
C/C=C\C(=O)SCCNC(=O)CCNC(=O)[C@H](O)C(C)(C)CO[P@](=O)([O-])O[P@](=O)([O-])OC[C@H]1O[C@@H](n2cnc3c(N)ncnc32)[C@H](O)[C@@H]1OP(=O)([O-])[O-];CROTONYL-COA;0;No
Nc1ncnc2c1ncn2[C@H]1O[C@H](CO[P@@](=O)([O-])O[P@](=O)([O-])OC[C@@H]2O[C@@H]([n+]3cccc(C(=O)[O-])c3)[C@H](O)[C@@H]2O)[C@@H](O)[C@@H]1O;DEAMIDO-NAD;0;No
CC(C)(CO[P@@](=O)([O-])O[P@@](=O)([O-])OC[C@H]1O[C@H](n2cnc3c(N)ncnc32)[C@@H](O)[C@H]1O)[C@H](O)C(=O)NCCC(=O)NCCS;DEPHOSPHO-COA;0;No
Cc1cn([C@H]2C[C@@H](O)[C@H](CO[P@@](=O)([O-])O[P@](=O)([O-])O[C@H]3O[C@H](CO)[C@@H](O)[C@@H](O)[C@@H]3O)O2)c(=O)[nH]c1=O;DTDP-D-GLUCOSE;0;No
Cc1cn([C@@H]2C[C@H](O)[C@@H](CO[P@](=O)([O-])O[P@@](=O)([O-])O[C@H]3O[C@H](C)C(=O)[C@H](O)[C@@H]3O)O2)c(=O)[nH]c1=O;DTDP-DEOH-DEOXY-GLUCOSE;0;No
Cc1cn([C@H]2C[C@@H](O)[C@@H](CO[P@@](=O)([O-])O[P@@](=O)([O-])O[C@H]3O[C@H](C)[C@@H](O)[C@@H](O)[C@H]3O)O2)c(=O)[nH]c1=O;DTDP-RHAMNOSE;0;No
Cc1cc2nc3c(=O)[n-]c(=O)nc-3n(C[C@H](O)[C@@H](O)[C@H](O)CO[P@@](=O)([O-])O[P@](=O)([O-])OC[C@@H]3O[C@@H](n4cnc5c(N)ncnc54)[C@H](O)[C@H]3O)c2cc1C;FAD;0;No
COc1cc(/C=C/C(=O)SCCNC(=O)CCNC(=O)[C@H](O)C(C)(C)CO[P@@](=O)([O-])O[P@@](=O)([O-])OC[C@@H]2O[C@H](n3cnc4c(N)ncnc43)[C@H](O)[C@H]2OP(=O)([O-])[O-])ccc1O;FERULOYL-COA;0;No
C[C@@H]1O[C@@H](O[P@](=O)([O-])O[P@@](=O)([O-])OC[C@@H]2O[C@H](n3cnc4c(=O)[nH]c(N)nc43)[C@@H](O)[C@@H]2O)[C@H](O)[C@H](O)C1=O;GDP-4-DEHYDRO-6-DEOXY-D-MANNOSE;0;No
Nc1nc2c(ncn2[C@H]2O[C@H](CO[P@](=O)([O-])O[P@@](=O)([O-])O[C@@H]3O[C@H](CO)[C@@H](O)[C@H](O)[C@@H]3O)[C@H](O)[C@@H]2O)c(=O)[nH]1;GDP-L-GALACTOSE;0;No
Nc1nc2c(ncn2[C@H]2O[C@H](CO[P@](=O)([O-])O[P@@](=O)([O-])O[C@@H]3O[C@H](CO)[C@@H](O)[C@H](O)[C@@H]3O)[C@H](O)[C@@H]2O)c(=O)[nH]1;GDP-MANNOSE;0;No
CC(C)(CO[P@](=O)([O-])O[P@@](=O)([O-])OC[C@H]1O[C@H](n2cnc3c(N)ncnc32)[C@@H](O)[C@H]1OP(=O)([O-])[O-])[C@H](O)C(=O)NCCC(=O)NCCSC(=O)/C=C/CC(=O)[O-];GLUTACONYL-COA;0;No
CC(C)(CO[P@@](=O)([O-])O[P@@](=O)([O-])OC[C@@H]1O[C@@H](n2cnc3c(N)ncnc32)[C@H](O)[C@H]1OP(=O)([O-])[O-])[C@H](O)C(=O)NCCC(=O)NCCSC(=O)CCCC(=O)[O-];GLUTARYL-COA;0;No
CC(C)CC(=O)SCCNC(=O)CCNC(=O)[C@H](O)C(C)(C)CO[P@](=O)([O-])O[P@](=O)([O-])OC[C@H]1O[C@H](n2cnc3c(N)ncnc32)[C@@H](O)[C@H]1OP(=O)([O-])[O-];ISOVALERYL-COA;0;No
CC(C)(CO[P@](=O)([O-])O[P@](=O)([O-])OC[C@@H]1O[C@@H](n2cnc3c(N)ncnc32)[C@H](O)[C@H]1OP(=O)([O-])[O-])[C@@H](O)C(=O)NCCC(=O)NCCSC(=O)CC(=O)[O-];MALONYL-COA;0;No
C=C(C)C(=O)SCCNC(=O)CCNC(=O)[C@@H](O)C(C)(C)CO[P@](=O)([O-])O[P@](=O)([O-])OC[C@H]1O[C@H](n2cnc3c(N)ncnc32)[C@@H](O)[C@@H]1OP(=O)([O-])[O-];METHACRYLYL-COA;0;No
C[C@H](C(=O)[O-])C(=O)SCCNC(=O)CCNC(=O)[C@H](O)C(C)(C)CO[P@](=O)([O-])O[P@@](=O)([O-])OC[C@@H]1O[C@H](n2cnc3c(N)ncnc32)[C@@H](O)[C@H]1OP(=O)([O-])[O-];METHYL-MALONYL-COA;0;No
CNc1ccccc1C(=O)SCCNC(=O)CCNC(=O)[C@@H](O)C(C)(C)CO[P@@](=O)([O-])O[P@](=O)([O-])OC[C@H]1O[C@H](n2cnc3c(N)ncnc32)[C@@H](O)[C@H]1OP(=O)([O-])[O-];N-METHYLANTHRANILOYL-COA;0;No
NC(=O)c1ccc[n+]([C@@H]2O[C@@H](CO[P@@](=O)([O-])O[P@](=O)([O-])OC[C@H]3O[C@H](n4cnc5c(N)ncnc54)[C@@H](O)[C@@H]3O)[C@@H](O)[C@H]2O)c1;NAD;0;No
NC(=O)C1=CN([C@@H]2O[C@@H](CO[P@@](=O)([O-])O[P@](=O)([O-])OC[C@@H]3O[C@H](n4cnc5c(N)ncnc54)[C@@H](O)[C@H]3O)[C@H](O)[C@H]2O)C=CC1;NADH;0;No
NC(=O)c1ccc[n+]([C@H]2O[C@H](CO[P@@](=O)([O-])O[P@](=O)([O-])OC[C@@H]3O[C@@H](n4cnc5c(N)ncnc54)[C@H](OP(=O)([O-])[O-])[C@H]3O)[C@@H](O)[C@@H]2O)c1;NADP;0;No
NC(=O)C1=CN([C@H]2O[C@H](CO[P@@](=O)([O-])O[P@](=O)([O-])OC[C@H]3O[C@H](n4cnc5c(N)ncnc54)[C@@H](OP(=O)([O-])[O-])[C@@H]3O)[C@@H](O)[C@H]2O)C=CC1;NADPH;0;No
CCCCCCCC/C=C\CCCCCCCC(=O)SCCNC(=O)CCNC(=O)[C@H](O)C(C)(C)CO[P@](=O)([O-])O[P@](=O)([O-])OC[C@H]1O[C@H](n2cnc3c(N)ncnc32)[C@@H](O)[C@H]1OP(=O)([O-])[O-];OLEOYL-COA;0;No
CC(C)(CO[P@](=O)([O-])O[P@](=O)([O-])OC[C@@H]1O[C@@H](n2cnc3c(N)ncnc32)[C@H](O)[C@H]1OP(=O)([O-])[O-])[C@H](O)C(=O)NCCC(=O)NCCSC(=O)/C=C/c1ccc(O)cc1;P-COUMAROYL-COA;0;No
CCCCCCCCCCCCCCCC(=O)SCCNC(=O)CCNC(=O)[C@H](O)C(C)(C)CO[P@](=O)([O-])O[P@@](=O)([O-])OC[C@@H]1O[C@@H](n2cnc3c(N)ncnc32)[C@H](O)[C@H]1OP(=O)([O-])[O-];PALMITYL-COA;0;No
N=c1c2ncn([C@@H]3O[C@H](COP(=O)([O-])[O-])[C@@H](O)[C@H]3O)c2ncn1[C@@H]1O[C@@H](COP(=O)([O-])[O-])[C@@H](O)[C@@H]1O;PHOSPHORIBOSYL-AMP;0;No
N=c1c2ncn([C@@H]3O[C@H](CO[P@](=O)([O-])O[P@](=O)([O-])O[P@@](=O)([O-])O)[C@@H](O)[C@H]3O)c2ncn1[C@@H]1O[C@@H](COP(=O)([O-])[O-])[C@H](O)[C@@H]1O;PHOSPHORIBOSYL-ATP;0;No
NC(=O)c1ncn([C@@H]2O[C@H](COP(=O)([O-])[O-])[C@@H](O)[C@@H]2O)c1/N=C/N[C@H]1O[C@H](COP(=O)([O-])[O-])[C@@H](O)[C@@H]1O;PHOSPHORIBOSYL-FORMIMINO-AICAR-P;0;No
NC(=O)c1ncn([C@@H]2O[C@H](COP(=O)([O-])[O-])[C@@H](O)[C@@H]2O)c1N/C=N/CC(=O)[C@@H](O)[C@H](O)COP(=O)([O-])[O-];PHOSPHORIBULOSYL-FORMIMINO-AICAR-P;0;No
CCC(=O)SCCNC(=O)CCNC(=O)[C@H](O)C(C)(C)CO[P@@](=O)([O-])O[P@@](=O)([O-])OC[C@@H]1O[C@@H](n2cnc3c(N)ncnc32)[C@H](O)[C@@H]1OP(=O)([O-])[O-];PROPIONYL-COA;0;Yes
COc1cc(/C=C\C(=O)SCCNC(=O)CCNC(=O)[C@H](O)C(C)(C)CO[P@](=O)([O-])O[P@@](=O)([O-])OC[C@@H]2O[C@@H](n3cnc4c(N)ncnc43)[C@H](O)[C@H]2OP(=O)([O-])[O-])cc(OC)c1O;SINAPOYL-COA;0;No
CCCCCCCCCCCCCCCCCC(=O)SCCNC(=O)CCNC(=O)[C@@H](O)C(C)(C)CO[P@@](=O)([O-])O[P@](=O)([O-])OC[C@@H]1O[C@@H](n2cnc3c(N)ncnc32)[C@H](O)[C@H]1OP(=O)([O-])[O-];STEAROYL-COA;0;No
CC(C)(CO[P@](=O)([O-])O[P@@](=O)([O-])OC[C@H]1O[C@H](n2cnc3c(N)ncnc32)[C@@H](O)[C@@H]1OP(=O)([O-])[O-])[C@H](O)C(=O)NCCC(=O)NCCSC(=O)CCC(=O)[O-];SUC-COA;0;No
C/C(=C\C(=O)SCCNC(=O)CCNC(=O)[C@@H](O)C(C)(C)CO[P@@](=O)([O-])O[P@@](=O)([O-])OC[C@H]1O[C@H](n2cnc3c(N)ncnc32)[C@@H](O)[C@@H]1OP(=O)([O-])[O-])CC(=O)[O-];TRANS-3-METHYL-GLUTACONYL-COA;0;No
O=c1ccn([C@@H]2O[C@@H](CO[P@](=O)([O-])O[P@](=O)([O-])O[C@@H]3OC[C@@](O)(CO)[C@H]3O)[C@H](O)[C@H]2O)c(=O)[nH]1;UDP-APIOSE;0;No
O=c1ccn([C@H]2O[C@H](CO[P@](=O)([O-])O[P@](=O)([O-])O[C@@H]3OC[C@H](O)[C@H](O)[C@@H]3O)[C@H](O)[C@@H]2O)c(=O)[nH]1;UDP-D-XYLOSE;0;No
O=C([O-])[C@H]1O[C@@H](O[P@@](=O)([O-])O[P@](=O)([O-])OC[C@@H]2O[C@@H](n3ccc(=O)[nH]c3=O)[C@H](O)[C@@H]2O)[C@H](O)[C@@H](O)[C@@H]1O;UDP-GLUCURONATE;0;No
CCCCCCCCCCC[C@@H](O)CC(=O)O[C@@H]1[C@@H](NC(C)=O)[C@H](O[P@@](=O)([O-])O[P@](=O)([O-])OC[C@@H]2O[C@@H](n3ccc(=O)[nH]c3=O)[C@@H](O)[C@H]2O)O[C@H](CO)[C@@H]1O;UDP-OHMYR-ACETYLGLUCOSAMINE;0;No
CCCCCCCCCCC[C@@H](O)CC(=O)O[C@H]1[C@H](O)[C@@H](CO)O[C@@H](O[P@](=O)([O-])O[P@@](=O)([O-])OC[C@H]2O[C@H](n3ccc(=O)[nH]c3=O)[C@H](O)[C@@H]2O)[C@@H]1[NH3+];UDP-OHMYR-GLUCOSAMINE;0;No
O=c1ccn([C@H]2O[C@H](CO[P@@](=O)([O-])O[P@@](=O)([O-])O[C@H]3O[C@H](CS(=O)(=O)[O-])[C@@H](O)[C@H](O)[C@@H]3O)[C@@H](O)[C@@H]2O)c(=O)[nH]1;UDP-SULFOQUINOVOSE;0;No
O=C([O-])[C@H]1O[C@H](Oc2cc(O)c3c(=O)cc(-c4ccc(O)c(O)c4)oc3c2)[C@H](O[C@H]2O[C@@H](C(=O)[O-])[C@H](O)[C@@H](O)[C@@H]2O)[C@@H](O)[C@@H]1O;|a-radical-of-luteolin-7-iOi-diglucuronid|;1;No
COc1cc(O)c2c(=O)cc(-c3ccc(O)cc3)oc2c1[C@@H]1O[C@@H](CO)[C@H](O)[C@@H](O)[C@H]1O[C@@H]1O[C@@H](C)[C@H](O)[C@H](O)[C@H]1O;7-O-METHYLVITEXIN-2-O-B-L-RHAMNOSIDE;1;No
C[C@H]1O[C@@H](O[C@@H]2[C@@H](O)[C@H](O)[C@H](CO)O[C@@H]2Oc2cc(O)c3c(=O)cc(-c4ccc(O)cc4)oc3c2)[C@H](O)[C@H](O)[C@@H]1O;APIGENIN-7-O-NEOHESPERIDOSIDE;1;No
O=C([O-])CC(=O)OC[C@@H]1O[C@@H](Oc2cc(O)c3c(=O)cc(-c4ccc(O)cc4)oc3c2)[C@H](O)[C@H](O)[C@@H]1O;CPD-10318;1;No
C[C@@H]1O[C@@H](O[C@H]2[C@H](c3c([O-])cc4oc(-c5ccc(O)cc5)cc(=O)c4c3O)O[C@H](CO)[C@H](O)[C@H]2O)[C@@H](O)[C@@H](O)[C@@H]1O;CPD-10345;1;No
C[C@H]1O[C@H](O[C@@H]2[C@@H](c3c(O[C@H]4O[C@H](CO)[C@@H](O)[C@@H](O)[C@@H]4O)cc4oc(-c5ccc(O)cc5)cc(=O)c4c3O)O[C@@H](CO)[C@@H](O)[C@H]2O)[C@@H](O)[C@@H](O)[C@H]1O;CPD-10348;1;No
O=c1cc(-c2ccc(O)cc2)oc2cc(O[C@@H]3OC[C@H](O)[C@@H](O)[C@H]3O)c([C@H]3O[C@H](CO)[C@@H](O)[C@H](O)[C@H]3O)c(O)c12;CPD-10349;1;No
COc1cc(-c2[o+]c3cc(O)cc(O)c3cc2O)ccc1O;CPD-10500;1;No
COc1cc(-c2[o+]c3cc(O)cc(O)c3cc2O[C@@H]2O[C@H](CO)[C@@H](O)[C@@H](O)[C@@H]2O)ccc1O;CPD-10501;1;No
COc1cc(-c2[o+]c3cc(O)cc(O[C@@H]4O[C@H](CO)[C@H](O)[C@@H](O)[C@H]4O)c3cc2O[C@H]2O[C@H](CO[C@@H]3O[C@@H](C)[C@@H](OC(=O)/C=C/c4ccc(O)cc4)[C@H](O)[C@H]3O)[C@@H](O)[C@@H](O)[C@@H]2O)ccc1O;CPD-10504;1;No
COc1cc(-c2c(C)cc(O)cc2O[C@H]2O[C@@H](CO)[C@H](O)[C@H](O)[C@@H]2O)oc(=O)c1;CPD-11557;1;No
O=c1c([O-])c(-c2ccc(O[C@@H]3O[C@H](CO)[C@H](O)[C@@H](O)[C@H]3O)c(O)c2)oc2cc(O)cc(O)c12;CPD-11685;1;No
O=c1ccc2cc(O)c(O[C@@H]3O[C@@H](CO)[C@H](O)[C@@H](O)[C@@H]3O)cc2o1;CPD-14429;1;No
O=c1cc(O[C@@H]2O[C@H](CO)[C@@H](O)[C@@H](O)[C@@H]2O)c2cccc(O)c2o1;CPD-14431;1;No
O=c1oc2c(O)cccc2cc1O[C@H]1O[C@@H](CO)[C@H](O)[C@@H](O)[C@@H]1O;CPD-14434;1;No
O=c1cc(O[C@H]2O[C@@H](CO)[C@H](O)[C@H](O)[C@@H]2O)c2ccc(O)cc2o1;CPD-14454;1;No
O=c1ccc2cc(O[C@@H]3O[C@H](CO)[C@@H](O)[C@@H](O)[C@@H]3O)c(O)cc2o1;CPD-14461;1;No
O=c1c(O[C@H]2O[C@H](CO[C@H]3O[C@H](CO)[C@@H](O)[C@H](O)[C@H]3O)[C@@H](O)[C@H](O)[C@H]2O)c(-c2ccc(O)c(O)c2)oc2cc(O)cc(O)c12;CPD-14820;1;Yes
O=c1c(O[C@H]2O[C@@H](CO[C@@H]3O[C@@H](CO[C@@H]4O[C@@H](CO)[C@@H](O)[C@H](O)[C@@H]4O)[C@@H](O)[C@@H](O)[C@H]3O)[C@@H](O)[C@H](O)[C@H]2O)c(-c2ccc(O)c(O)c2)oc2cc(O)cc(O)c12;CPD-14821;1;No
O=c1c(O[C@H]2O[C@@H](CO[C@H]3O[C@H](CO[C@@H]4O[C@@H](CO[C@H]5O[C@@H](CO)[C@H](O)[C@H](O)[C@@H]5O)[C@H](O)[C@H](O)[C@@H]4O)[C@H](O)[C@H](O)[C@@H]3O)[C@H](O)[C@@H](O)[C@@H]2O)c(-c2ccc(O)c(O)c2)oc2cc(O)cc(O)c12;CPD-14822;1;No
O=c1cc(-c2ccc(O)cc2)oc2cc(O[C@@H]3O[C@@H](CO[C@H]4O[C@H](CO)[C@H](O)[C@@H](O)[C@@H]4O)[C@H](O)[C@@H](O)[C@@H]3O)cc(O)c12;CPD-14824;1;No
O=c1cc(-c2ccc(O)c(O)c2)oc2cc(O[C@@H]3O[C@@H](CO[C@@H]4O[C@H](CO)[C@@H](O)[C@@H](O)[C@H]4O)[C@H](O)[C@@H](O)[C@@H]3O)cc(O)c12;CPD-14825;1;No
O=c1c(O[C@H]2O[C@H](CO)[C@H](O)[C@@H](O)[C@@H]2O)c(-c2cc(O)c(O)c(O)c2)oc2cc(O)cc(O)c12;CPD-14843;1;No
O=c1c(O[C@@H]2O[C@@H](CO[C@H]3O[C@H](CO)[C@@H](O)[C@H](O)[C@H]3O)[C@@H](O)[C@H](O)[C@H]2O)c(-c2cc(O)c(O)c(O)c2)oc2cc(O)cc(O)c12;CPD-14844;1;No
O=c1c(O[C@H]2O[C@@H](CO[C@H]3O[C@H](CO)[C@@H](O)[C@@H](O)[C@H]3O)[C@@H](O)[C@@H](O)[C@@H]2O)c(-c2ccc(O)cc2)oc2cc(O)cc(O)c12;CPD-14847;1;No
O=c1c(-c2ccc(O)cc2)coc2cc(O[C@H]3O[C@@H](CO[C@@H]4O[C@@H](CO)[C@H](O)[C@H](O)[C@H]4O)[C@H](O)[C@@H](O)[C@@H]3O)cc(O)c12;CPD-14848;1;No
O=c1c(O[C@@H]2O[C@@H](CO)[C@H](O)[C@@H](O)[C@@H]2O[C@H]2O[C@@H](CO)[C@H](O)[C@@H](O)[C@H]2O)c(-c2ccc(O)c(O)c2)oc2cc(O)cc(O)c12;CPD-14849;1;No
O=c1c(O[C@H]2O[C@H](CO)[C@@H](O)[C@H](O)[C@@H]2O[C@H]2O[C@H](CO)[C@H](O)[C@@H](O)[C@H]2O[C@H]2O[C@@H](CO)[C@H](O)[C@@H](O)[C@@H]2O)c(-c2ccc(O)c(O)c2)oc2cc(O)cc(O)c12;CPD-14850;1;No
O=c1c([O-])c(-c2ccc(O)c(O)c2)oc2cc(O[C@H]3O[C@H](CO)[C@@H](O)[C@@H](O)[C@@H]3O)c(O)c(O)c12;CPD-14908;1;No
COc1cc2oc(-c3ccc(O)c(O)c3)c(O[C@@H]3O[C@H](CO)[C@@H](O)[C@H](O)[C@H]3O)c(=O)c2c(O)c1OC;CPD-14911;1;No
COc1ccc(-c2oc3cc(O)cc(O)c3c(=O)c2O[C@@H]2O[C@@H](CO[C@@H]3O[C@@H](C)[C@H](O)[C@H](O)[C@H]3O)[C@@H](O)[C@H](O)[C@H]2O[C@H]2O[C@@H](CO)[C@H](O)[C@@H](O)[C@@H]2O)cc1;CPD-14960;1;No
COc1ccc(-c2oc3cc(O)cc(O)c3c(=O)c2O[C@H]2O[C@H](CO)[C@@H](O)[C@H](O)[C@@H]2O)cc1;CPD-14961;1;No
COc1ccc(-c2oc3cc(O)cc(O)c3c(=O)c2O[C@@H]2O[C@@H](CO[C@H]3O[C@H](C)[C@H](O)[C@H](O)[C@H]3O)[C@@H](O)[C@H](O)[C@@H]2O)cc1;CPD-14962;1;No
COc1cc(-c2oc3cc(O)cc(O)c3c(=O)c2O[C@H]2O[C@@H](CO)[C@@H](O)[C@H](O)[C@H]2O)ccc1O;CPD-14969;1;No
O=C(/C=C/c1ccc(O)cc1)OC[C@H]1O[C@@H](Oc2c(-c3ccc(O)cc3)oc3cc(O)cc(O)c3c2=O)[C@H](O)[C@H](O)[C@@H]1O;CPD-14976;1;No
COc1cc(/C=C/C(=O)OC[C@H]2O[C@@H](Oc3c(-c4ccc(O)cc4)oc4cc(O)cc(O)c4c3=O)[C@@H](O)[C@H](O)[C@H]2O)ccc1O;CPD-14977;1;No
O=C(/C=C\c1ccc(O)cc1)OC[C@@H]1O[C@H](Oc2c(-c3ccc(O)c(O)c3)oc3cc(O)cc(O)c3c2=O)[C@@H](O)[C@H](O)[C@H]1O;CPD-14978;1;No
COc1cc(/C=C\C(=O)OC[C@@H]2O[C@H](Oc3c(-c4ccc(O)c(O)c4)oc4cc(O)cc(O)c4c3=O)[C@@H](O)[C@H](O)[C@H]2O)ccc1O;CPD-14979;1;No
COc1cc(-c2oc3cc(O)cc(O)c3c(=O)c2O[C@@H]2O[C@H](COC(=O)/C=C/c3ccc(O)cc3)[C@@H](O)[C@H](O)[C@H]2O)ccc1O;CPD-14980;1;No
COc1cc(/C=C/C(=O)OC[C@H]2O[C@@H](Oc3c(-c4ccc(O)c(OC)c4)oc4cc(O)cc(O)c4c3=O)[C@@H](O)[C@@H](O)[C@@H]2O)ccc1O;CPD-14981;1;No
O=C(/C=C/c1ccc(O)cc1)O[C@@H]1[C@H](O)[C@@H](Oc2c(-c3ccc(O)cc3)oc3cc(O)cc(O)c3c2=O)O[C@@H](CO)[C@H]1O;CPD-14988;1;No
O=C(/C=C/c1ccc(O)cc1)O[C@@H]1[C@@H](O)[C@@H](CO)O[C@@H](Oc2c(-c3ccc(O)c(O)c3)oc3cc(O)cc(O)c3c2=O)[C@@H]1O;CPD-14989;1;No
COc1cc(-c2oc3cc(O)cc(O)c3c(=O)c2O[C@@H]2O[C@@H](CO)[C@@H](O)[C@H](OC(=O)/C=C/c3ccc(O)cc3)[C@@H]2O)ccc1O;CPD-14990;1;No
O=C(/C=C/c1ccc(O)cc1)O[C@@H]1[C@@H](O)[C@H](O)[C@@H](Oc2c(-c3ccc(O)cc3)oc3cc(O)cc(O)c3c2=O)O[C@@H]1CO;CPD-14991;1;No
O=C(/C=C/c1ccc(O)cc1)O[C@@H]1[C@@H](CO)O[C@@H](Oc2c(-c3ccc(O)c(O)c3)oc3cc(O)cc(O)c3c2=O)[C@@H](O)[C@H]1O;CPD-14992;1;No
COc1cc(-c2oc3cc(O)cc(O)c3c(=O)c2O[C@H]2O[C@H](CO)[C@@H](OC(=O)/C=C/c3ccc(O)cc3)[C@@H](O)[C@H]2O)ccc1O;CPD-14993;1;No
[O-]c1cc(O)cc2[o+]c(-c3ccc(O)c(O)c3)c(O[C@H]3O[C@H](CO)[C@H](O)[C@@H](O)[C@@H]3O)cc12;CPD-14998;1;No
[O-]c1cc(O)cc2[o+]c(-c3ccc(O)c(O)c3)c(O[C@@H]3O[C@H](CO[C@H]4O[C@@H](CO)[C@H](O)[C@@H](O)[C@@H]4O)[C@@H](O)[C@H](O)[C@H]3O[C@@H]3OC[C@H](O)[C@@H](O)[C@@H]3O)cc12;CPD-14999;1;No
O=C(/C=C/c1ccc(O)cc1)OC[C@H]1O[C@@H](OC[C@@H]2O[C@@H](Oc3cc4c([O-])cc([O-])cc4[o+]c3-c3ccc(O)c(O)c3)[C@@H](O[C@H]3OC[C@H](O)[C@@H](O)[C@@H]3O)[C@H](O)[C@@H]2O)[C@@H](O)[C@@H](O)[C@@H]1O;CPD-15000;1;No
[O-]c1cc(O)cc2[o+]c(-c3ccc(O)c(O)c3)c(O[C@H]3O[C@@H](CO)[C@@H](O)[C@H](O)[C@@H]3O[C@@H]3OC[C@H](O)[C@H](O)[C@H]3O)cc12;CPD-15012;1;No
C[C@H]1O[C@H](Oc2cc(O)c3c(=O)c(O[C@H]4O[C@H](CO)[C@@H](O)[C@@H](O)[C@@H]4O[C@@H]4O[C@@H](CO)[C@@H](O)[C@H](O)[C@@H]4O)c(-c4ccc(O)c(O)c4)oc3c2)[C@H](O)[C@@H](O)[C@@H]1O;CPD-15021;1;No
C[C@@H]1O[C@H](Oc2cc(O)c3c(=O)c(O[C@H]4O[C@H](CO)[C@@H](O)[C@@H](O)[C@@H]4O[C@H]4O[C@@H](CO)[C@@H](O)[C@@H](O)[C@@H]4O)c(-c4ccc(O)cc4)oc3c2)[C@H](O)[C@H](O)[C@H]1O;CPD-15023;1;No
C[C@@H]1O[C@H](Oc2cc(O)c3c(=O)c(O[C@@H]4O[C@H](CO[C@@H]5O[C@@H](CO)[C@H](O)[C@H](O)[C@H]5O)[C@H](O)[C@H](O)[C@@H]4O)c(-c4ccc(O)c(O)c4)oc3c2)[C@H](O)[C@H](O)[C@H]1O;CPD-15024;1;No
O=c1cc(-c2ccc(O)c(O)c2)oc2c([C@@H]3O[C@H](CO)[C@@H](O)[C@H](O)[C@H]3O)c([O-])cc(O)c12;CPD-15083;1;No
O=c1cc(-c2ccccc2)oc2c([C@H]3O[C@H](CO)[C@@H](O)[C@@H](O)[C@@H]3O)c(O)cc(O)c12;CPD-15084;1;No
O=c1cc(-c2ccccc2)oc2cc([O-])c([C@@H]3O[C@H](CO)[C@@H](O)[C@@H](O)[C@@H]3O)c(O)c12;CPD-15087;1;No
O=c1c(O[C@@H]2O[C@@H](CO)[C@H](O)[C@H](O)[C@H]2O[C@@H]2O[C@@H](CO)[C@@H](O)[C@H](O)[C@H]2O)c(-c2ccc(O)c(O)c2)oc2cc(O)cc(O)c12;CPD-15106;1;No
COc1c(O[C@@H]2O[C@H](CO)[C@@H](O)[C@@H](O)[C@H]2O)cc(O)c2c(=O)cc(-c3ccccc3)oc12;CPD-15175;1;No
O=c1cc(-c2ccccc2)oc2cc(O[C@H]3O[C@H](CO)[C@@H](O)[C@H](O)[C@H]3O)c(O)c(O)c12;CPD-15176;1;No
O=C(C[C@@H](O)C(=O)[O-])OC[C@H]1O[C@@H](Oc2cc3c([O-])cc([O-])cc3[o+]c2-c2ccc(O)c(O)c2)[C@H](O)[C@H](O)[C@@H]1O;CPD-15284;1;No
O=C(C[C@H](O)C(=O)[O-])OC[C@@H]1O[C@@H](Oc2cc3c([O-])cc(O)cc3[o+]c2-c2ccc(O)cc2)[C@H](O)[C@@H](O)[C@H]1O;CPD-15287;1;No
O=C(C[C@H](O)C(=O)[O-])OC[C@H]1O[C@H](Oc2cc3c([O-])cc([O-])cc3[o+]c2-c2cc(O)c(O)c(O)c2)[C@H](O)[C@@H](O)[C@H]1O;CPD-15288;1;No
O=C([O-])CC(=O)OC[C@@H]1O[C@@H](Oc2cc3c([O-])cc([O-])cc3[o+]c2-c2cc(O[C@@H]3O[C@@H](COC(=O)/C=C/c4ccc(O)cc4)[C@H](O)[C@@H](O)[C@@H]3O)c(O)c(O[C@@H]3O[C@H](CO)[C@@H](O)[C@@H](O)[C@H]3O)c2)[C@H](O)[C@@H](O)[C@H]1O;CPD-15371;1;No
COc1cc(/C=C/C(=O)OC[C@@H]2O[C@H](OC[C@@H]3O[C@@H](Oc4cc5c([O-])cc([O-])cc5[o+]c4-c4ccc(O)c(O)c4)[C@H](O[C@H]4OC[C@@H](O)[C@@H](O)[C@@H]4O)[C@@H](O)[C@@H]3O)[C@H](O)[C@@H](O)[C@H]2O)cc(OC)c1O;CPD-16528;1;No
COc1cc(/C=C/C(=O)OC[C@@H]2O[C@H](OC[C@H]3O[C@H](Oc4cc5c([O-])cc([O-])cc5[o+]c4-c4ccc(O)c(O)c4)[C@@H](O[C@@H]4OC[C@H](O)[C@@H](O)[C@H]4O)[C@H](O)[C@@H]3O)[C@H](O)[C@@H](O)[C@@H]2O)ccc1O;CPD-16529;1;No
[O-]c1cc([O-])c2cc(O[C@@H]3O[C@@H](CO)[C@H](O)[C@H](O)[C@H]3O[C@H]3OC[C@H](O)[C@H](O)[C@@H]3O)c(-c3ccc(O)c(O)c3)[o+]c2c1;CPD-16535;1;No
O=C(/C=C\c1ccc(O)cc1)OC[C@@H]1O[C@@H](Oc2cc3c([O-])cc(O)cc3[o+]c2-c2ccc(O)c(O)c2)[C@H](O[C@@H]2OC[C@H](O)[C@H](O)[C@H]2O)[C@@H](O)[C@@H]1O;CPD-16536;1;No
O=C(/C=C/c1ccc(O)cc1)OC[C@@H]1O[C@@H](Oc2cc3c(O[C@H]4O[C@@H](CO)[C@@H](O)[C@@H](O)[C@@H]4O)cc(O)cc3[o+]c2-c2ccc(O)c(O)c2)[C@H](O[C@H]2OC[C@H](O)[C@@H](O)[C@@H]2O)[C@@H](O)[C@H]1O;CPD-16537;1;No
O=C(O)CC(=O)OC[C@@H]1O[C@@H](Oc2cc(O)cc3[o+]c(-c4ccc(O)c(O)c4)c(O[C@@H]4O[C@@H](COC(=O)/C=C/c5ccc(O)cc5)[C@H](O)[C@H](O)[C@@H]4O[C@@H]4OC[C@H](O)[C@@H](O)[C@@H]4O)cc23)[C@@H](O)[C@H](O)[C@H]1O;CPD-16538;1;No
COc1cc(/C=C\C(=O)O[C@@H]2[C@@H](O)[C@H](O)CO[C@@H]2O[C@H]2[C@H](Oc3cc4c(O[C@@H]5O[C@H](COC(=O)CC(=O)O)[C@@H](O)[C@H](O)[C@H]5O)cc(O)cc4[o+]c3-c3ccc(O)c(O)c3)O[C@H](COC(=O)/C=C/c3ccc(O)cc3)[C@@H](O)[C@@H]2O)cc(OC)c1O;CPD-16539;1;No
O=C(/C=C/c1ccc(O)cc1)OC[C@@H]1O[C@H](Oc2cc3c([O-])cc([O-])cc3[o+]c2-c2ccc(O)c(O)c2)[C@H](O)[C@@H](O)[C@@H]1O;CPD-16541;1;No
O=C([O-])CC(=O)OC[C@H]1O[C@H](Oc2cc3c([O-])cc([O-])cc3[o+]c2-c2ccc(O)c(O)c2)[C@@H](O)[C@@H](O)[C@@H]1O;CPD-16542;1;No
C[C@H]1O[C@@H](OC[C@@H]2O[C@H](Oc3cc4c([O-])cc(O[C@@H]5O[C@H](CO)[C@@H](O)[C@H](O)[C@@H]5O)cc4[o+]c3-c3cc(O)c(O)c(O)c3)[C@@H](O)[C@@H](O)[C@@H]2O)[C@@H](O)[C@H](O)[C@@H]1O;CPD-16558;1;No
C[C@@H]1O[C@H](OC[C@H]2O[C@H](Oc3cc4c([O-])cc(O[C@@H]5O[C@@H](COC(=O)c6ccc(O)cc6)[C@H](O)[C@H](O)[C@H]5O)cc4[o+]c3-c3cc(O)c(O)c(O)c3)[C@H](O)[C@@H](O)[C@@H]2O)[C@@H](O)[C@H](O)[C@H]1O;CPD-16559;1;No
C[C@H]1O[C@@H](OC[C@@H]2O[C@@H](Oc3cc4c([O-])cc(O[C@@H]5O[C@H](COC(=O)c6ccc(O[C@@H]7O[C@H](CO)[C@@H](O)[C@H](O)[C@H]7O)cc6)[C@H](O)[C@@H](O)[C@@H]5O)cc4[o+]c3-c3cc(O)c(O)c(O)c3)[C@@H](O)[C@H](O)[C@H]2O)[C@@H](O)[C@@H](O)[C@@H]1O;CPD-16560;1;No
C[C@@H]1O[C@@H](OC[C@H]2O[C@H](Oc3cc4c([O-])cc(O[C@@H]5O[C@@H](COC(=O)c6ccc(O[C@@H]7O[C@H](COC(=O)c8ccc(O)cc8)[C@@H](O)[C@@H](O)[C@@H]7O)cc6)[C@@H](O)[C@H](O)[C@@H]5O)cc4[o+]c3-c3cc(O)c(O)c(O)c3)[C@@H](O)[C@@H](O)[C@@H]2O)[C@H](O)[C@@H](O)[C@@H]1O;CPD-16561;1;No
O=C(OC[C@H]1O[C@H](Oc2cc([O-])c3cc(O[C@@H]4O[C@H](CO)[C@@H](O)[C@@H](O)[C@@H]4O)c(-c4ccc(O)c(O)c4)[o+]c3c2)[C@@H](O)[C@@H](O)[C@H]1O)c1ccc(O)cc1;CPD-16602;1;No
O=C(OC[C@H]1O[C@H](Oc2cc([O-])c3cc(O[C@@H]4O[C@@H](CO)[C@@H](O)[C@H](O)[C@@H]4O)c(-c4ccc(O)c(O)c4)[o+]c3c2)[C@H](O)[C@H](O)[C@H]1O)c1ccc(O[C@H]2O[C@H](CO)[C@H](O)[C@@H](O)[C@@H]2O)cc1;CPD-16603;1;No
O=C(OC[C@H]1O[C@H](Oc2cc([O-])c3cc(O[C@H]4O[C@H](CO)[C@@H](O)[C@H](O)[C@H]4O)c(-c4ccc(O)c(O)c4)[o+]c3c2)[C@@H](O)[C@@H](O)[C@H]1O)c1ccc(O[C@@H]2O[C@H](COC(=O)c3ccc(O)cc3)[C@H](O)[C@@H](O)[C@H]2O)cc1;CPD-16604;1;No
O=c1c([O-])c(-c2ccc(O)c(O)c2)oc2c(O)c(O[C@H]3O[C@H](CO)[C@@H](O)[C@@H](O)[C@@H]3O)cc(O)c12;CPD-16762;1;No
[O-]c1cc(O[C@@H]2O[C@H](CO)[C@@H](O)[C@@H](O)[C@@H]2O)c2cc(O[C@H]3O[C@@H](CO)[C@H](O)[C@@H](O)[C@@H]3O[C@H]3OC[C@@H](O)[C@@H](O)[C@H]3O)c(-c3ccc(O)cc3)[o+]c2c1;CPD-18093;1;No
[O-]c1cc(O[C@H]2O[C@H](CO)[C@@H](O)[C@H](O)[C@@H]2O)c2cc(O[C@@H]3O[C@H](CO)[C@@H](O)[C@H](O)[C@H]3O[C@H]3OC[C@@H](O)[C@@H](O)[C@@H]3O)c(-c3ccc(O)c(O)c3)[o+]c2c1;CPD-18094;1;No
O=C(/C=C\c1ccc(O)c(O)c1)OC[C@H]1O[C@H](Oc2cc3c([O-])cc(O)cc3[o+]c2-c2ccc(O)c(O)c2)[C@H](O[C@H]2OC[C@@H](O)[C@H](O)[C@H]2O)[C@@H](O)[C@@H]1O;CPD-18097;1;No
O=C(/C=C\c1ccc(O)cc1)OC[C@@H]1O[C@H](Oc2cc3c([O-])cc([O-])cc3[o+]c2-c2ccc(O)cc2)[C@H](O[C@@H]2OC[C@H](O)[C@H](O)[C@@H]2O)[C@@H](O)[C@@H]1O;CPD-18099;1;No
O=C(/C=C/c1ccc(O)c(O)c1)OC[C@@H]1O[C@H](Oc2cc3c([O-])cc(O)cc3[o+]c2-c2ccc(O)cc2)[C@H](O[C@H]2OC[C@@H](O)[C@H](O)[C@@H]2O)[C@@H](O)[C@@H]1O;CPD-18100;1;No
O=c1cc(-c2ccc(O)cc2)oc2cc([O-])c([C@@H]3O[C@H](CO)[C@H](O)[C@@H](O)[C@H]3O[C@@H]3CO[C@H](O)[C@@H](O)[C@@H]3O)c(O)c12;CPD-18156;1;No
O=c1cc(-c2ccc(O)cc2)oc2cc(O[C@H]3OC[C@H](O)[C@H](O)[C@@H]3O)c([C@H]3O[C@H](CO)[C@H](O)[C@@H](O)[C@@H]3O[C@@H]3CO[C@H](O)[C@H](O)[C@H]3O)c(O)c12;CPD-18157;1;No
O=c1cc(-c2ccc(O)cc2)oc2cc(O[C@H]3O[C@@H](CO)[C@H](O)[C@@H](O)[C@@H]3O)c([C@H]3O[C@@H](CO)[C@H](O)[C@@H](O)[C@@H]3O)c(O)c12;CPD-18158;1;No
O=c1cc(-c2ccc(O)cc2)oc2cc(O[C@@H]3O[C@@H](CO)[C@@H](O)[C@@H](O)[C@@H]3O)c([C@@H]3O[C@H](CO)[C@@H](O)[C@H](O)[C@H]3O[C@H]3O[C@@H](CO)[C@H](O)[C@H](O)[C@H]3O)c(O)c12;CPD-18169;1;No
O=c1cc(-c2ccc(O)cc2)oc2cc(O[C@H]3O[C@@H](CO)[C@H](O)[C@H](O)[C@@H]3O)c([C@@H]3O[C@@H](CO)[C@H](O)[C@H](O)[C@H]3O[C@H]3CO[C@@H](O)[C@H](O)[C@H]3O)c(O)c12;CPD-18170;1;No
O=c1c(-c2ccc(O)cc2)coc2cc(O[C@@H]3O[C@@H](CO)[C@H](O)[C@H](O)[C@H]3O)cc(O)c12;CPD-3421;1;No
O=C([O-])CC(=O)OC[C@H]1O[C@@H](Oc2cc(O)c3c(=O)c(-c4ccc(O)cc4)coc3c2)[C@@H](O)[C@@H](O)[C@H]1O;CPD-3422;1;No
COc1ccc(-c2coc3cc(O[C@H]4O[C@@H](CO)[C@H](O)[C@H](O)[C@H]4O)cc(O)c3c2=O)cc1;CPD-4563;1;No
COc1ccc(-c2coc3cc(O[C@H]4O[C@@H](COC(=O)CC(=O)[O-])[C@H](O)[C@@H](O)[C@H]4O)cc(O)c3c2=O)cc1;CPD-4564;1;No
C[C@@H]1O[C@H](Oc2cc(O)c3c(=O)c(O[C@@H]4O[C@H](CO)[C@@H](O)[C@H](O)[C@H]4O)c(-c4ccc(O)c(O)c4)oc3c2)[C@@H](O)[C@@H](O)[C@@H]1O;CPD-5521;1;No
[O-]c1cc([O-])c2cc(O[C@@H]3O[C@H](CO)[C@H](O)[C@H](O)[C@H]3O)c(-c3cc(O)c(O)c(O)c3)[o+]c2c1;CPD-7117;1;No
O=C(/C=C/c1ccc(O)c(O)c1)OC[C@@H]1O[C@H](Oc2cc3c(O[C@H]4O[C@@H](CO)[C@@H](O)[C@@H](O)[C@H]4O)cc([O-])cc3[o+]c2-c2ccc(O)cc2)[C@@H](O)[C@H](O)[C@@H]1O;CPD-7140;1;No
O=C([O-])CC(=O)OC[C@H]1O[C@@H](Oc2cc([O-])cc3[o+]c(-c4ccc(O)cc4)c(O[C@@H]4O[C@@H](COC(=O)/C=C/c5ccc(O)c(O)c5)[C@@H](O)[C@@H](O)[C@@H]4O)cc23)[C@H](O)[C@H](O)[C@@H]1O;CPD-7141;1;No
C[C@@H]1O[C@@H](OC[C@H]2O[C@@H](Oc3cc4c([O-])cc(O)cc4[o+]c3-c3ccc(O)cc3)[C@H](O)[C@@H](O)[C@H]2O)[C@@H](O)[C@H](O)[C@H]1O;CPD-7144;1;No
C[C@@H]1O[C@@H](OC[C@@H]2O[C@@H](Oc3cc4c([O-])cc(O)cc4[o+]c3-c3cc(O)c(O)c(O)c3)[C@@H](O)[C@@H](O)[C@H]2O)[C@@H](O)[C@@H](O)[C@H]1O;CPD-7145;1;No
C[C@H]1O[C@@H](OC[C@H]2O[C@@H](Oc3cc4c(O[C@@H]5O[C@H](CO)[C@@H](O)[C@@H](O)[C@@H]5O)cc([O-])cc4[o+]c3-c3ccc(O)cc3)[C@H](O)[C@@H](O)[C@@H]2O)[C@H](O)[C@H](O)[C@H]1O;CPD-7148;1;No
O=C([O-])CC(=O)OC[C@H]1O[C@@H](Oc2cc3c([O-])cc(O)cc3[o+]c2-c2ccc(O)cc2)[C@@H](O)[C@@H](O)[C@@H]1O;CPD-7149;1;No
O=c1c(O[C@H]2O[C@@H](CO)[C@H](O)[C@@H](O)[C@H]2O)c(-c2ccc(O)cc2)oc2cc([O-])cc(O)c12;CPD-7260;1;No
O=C(/C=C\c1ccc(O)cc1)OC[C@@H]1O[C@@H](Oc2cc3c([O-])cc([O-])cc3[o+]c2-c2ccc(O)cc2)[C@H](O)[C@@H](O)[C@@H]1O;CPD-7384;1;No
O=C([O-])CC(=O)OC[C@@H]1O[C@H](Oc2cc([O-])cc3[o+]c(-c4ccc(O)c(O)c4)c(O[C@H]4O[C@@H](COC(=O)/C=C\c5ccc(O)cc5)[C@H](O)[C@H](O)[C@H]4O)cc23)[C@@H](O)[C@H](O)[C@H]1O;CPD-7708;1;No
O=C(/C=C/c1ccc(O)cc1)OC[C@@H]1O[C@@H](Oc2cc3c(O[C@@H]4O[C@H](CO)[C@H](O)[C@H](O)[C@@H]4O)cc([O-])cc3[o+]c2-c2ccc(O)c(O)c2)[C@@H](O)[C@H](O)[C@H]1O;CPD-7714;1;No
[O-]c1cc(O)cc2[o+]c(-c3ccc(O)c(O)c3)c(O[C@H]3O[C@@H](CO)[C@H](O)[C@@H](O)[C@H]3O[C@@H]3O[C@H](CO)[C@@H](O)[C@H](O)[C@H]3O)cc12;CPD-7842;1;No
[O-]c1cc(O)cc2[o+]c(-c3ccc(O)cc3)c(O[C@H]3O[C@H](CO)[C@H](O)[C@@H](O)[C@@H]3O[C@H]3O[C@@H](CO)[C@H](O)[C@H](O)[C@@H]3O)cc12;CPD-7843;1;No
[O-]c1cc(O)cc2[o+]c(-c3cc(O)c(O)c(O)c3)c(O[C@H]3O[C@H](CO)[C@@H](O)[C@H](O)[C@H]3O[C@H]3O[C@H](CO)[C@@H](O)[C@@H](O)[C@@H]3O)cc12;CPD-7844;1;No
O=C([O-])CC(=O)OC[C@H]1O[C@H](Oc2cc3c([O-])cc([O-])cc3[o+]c2-c2cc(O)c(O)c(O)c2)[C@H](O)[C@@H](O)[C@@H]1O;CPD-7862;1;No
O=C([O-])CC(=O)OC[C@@H]1O[C@H](Oc2cc3c([O-])cc(O)cc3[o+]c2-c2cc(O)c(O)c(O[C@@H]3O[C@H](CO)[C@H](O)[C@@H](O)[C@@H]3O)c2)[C@@H](O)[C@@H](O)[C@@H]1O;CPD-7870;1;No
O=C(/C=C/c1ccc(O)c(O)c1)OC[C@@H]1O[C@H](Oc2cc([O-])cc3[o+]c(-c4cc(O)c(O)c(O)c4)c(O[C@@H]4O[C@@H](CO)[C@H](O)[C@H](O)[C@@H]4O)cc23)[C@@H](O)[C@@H](O)[C@H]1O;CPD-7960;1;No
O=C(/C=C/c1ccc(O)c(O)c1)OC[C@@H]1O[C@@H](Oc2cc([O-])cc3[o+]c(-c4cc(O)c(O)c(O[C@H]5O[C@H](CO)[C@H](O)[C@@H](O)[C@@H]5O)c4)c(O[C@H]4O[C@H](CO)[C@@H](O)[C@H](O)[C@@H]4O)cc23)[C@H](O)[C@H](O)[C@H]1O;CPD-7963;1;No
O=C(/C=C\c1ccc(O)c(O)c1)OC[C@@H]1O[C@@H](Oc2cc(-c3[o+]c4cc([O-])cc(O[C@@H]5O[C@H](COC(=O)/C=C/c6ccc(O)c(O)c6)[C@@H](O)[C@@H](O)[C@H]5O)c4cc3O[C@H]3O[C@@H](CO)[C@H](O)[C@@H](O)[C@H]3O)cc(O)c2O)[C@@H](O)[C@@H](O)[C@H]1O;CPD-7965;1;No
O=c1c([O-])c(-c2ccc(O)c(O)c2)oc2cc(O[C@H]3O[C@@H](CO)[C@@H](O)[C@H](O)[C@H]3O)cc(O)c12;CPD-8006;1;No
O=c1c([O-])c(-c2ccc(O)cc2)oc2cc(O[C@@H]3O[C@@H](CO)[C@@H](O)[C@H](O)[C@H]3O)cc(O)c12;CPD-8007;1;No
C[C@H]1O[C@H](Oc2c(-c3ccc(O)c(O)c3)oc3cc(O[C@@H]4O[C@@H](CO)[C@H](O)[C@H](O)[C@@H]4O)cc(O)c3c2=O)[C@@H](O)[C@@H](O)[C@H]1O;CPD-8011;1;No
C[C@@H]1O[C@H](Oc2c(-c3ccc(O)cc3)oc3cc(O[C@@H]4O[C@@H](CO)[C@H](O)[C@@H](O)[C@@H]4O)cc(O)c3c2=O)[C@@H](O)[C@H](O)[C@@H]1O;CPD-8012;1;No
C[C@H]1O[C@H](Oc2c(-c3ccc(O)c(O)c3)oc3cc([O-])cc(O)c3c2=O)[C@H](O)[C@H](O)[C@@H]1O;CPD-8013;1;No
O=c1c(O[C@@H]2O[C@H](CO)[C@H](O)[C@@H](O)[C@H]2O[C@H]2O[C@@H](CO)[C@H](O)[C@@H](O)[C@@H]2O)c(-c2ccc(O)cc2)oc2cc([O-])cc(O)c12;CPD-8067;1;No
O=c1c(O[C@H]2O[C@H](CO)[C@@H](O)[C@H](O)[C@@H]2O[C@@H]2O[C@@H](CO)[C@H](O)[C@@H](O)[C@@H]2O[C@@H]2O[C@H](CO)[C@H](O)[C@@H](O)[C@@H]2O)c(-c2ccc(O)cc2)oc2cc(O)cc(O)c12;CPD-8068;1;No
O=C(/C=C/c1ccc(O)cc1)OC[C@H]1O[C@H](O[C@@H]2[C@H](O[C@H]3[C@@H](O)[C@H](O)[C@@H](CO)O[C@@H]3Oc3c(-c4ccc(O)cc4)oc4cc(O)cc(O)c4c3=O)O[C@H](CO)[C@H](O)[C@H]2O)[C@H](O)[C@H](O)[C@@H]1O;CPD-8069;1;No
C[C@@H]1O[C@@H](O[C@H]2[C@@H](O)[C@H](O)[C@@H](CO)O[C@@H]2c2c([O-])cc3oc(-c4ccc(O)c(O)c4)cc(=O)c3c2O)[C@@H](O)[C@H](O)[C@@H]1O;CPD-9587;1;No
COc1cc2c(=O)c(-c3cc4c(cc3OC)OCO4)coc2cc1O[C@@H]1O[C@@H](CO[C@H]2OC[C@](O)(CO)[C@H]2O)[C@H](O)[C@H](O)[C@@H]1O;CPD-9693;1;No
C[C@H]1O[C@@H](Oc2cc(O)c3c(=O)c(O[C@H]4O[C@H](CO)[C@@H](O)[C@H](O)[C@@H]4O)c(-c4ccc(O)cc4)oc3c2)[C@@H](O)[C@H](O)[C@H]1O;CPD1F-420;1;No
C[C@@H]1O[C@@H](Oc2cc(O)c3c(=O)c(O[C@H]4O[C@@H](CO[C@@H]5O[C@@H](CO)[C@@H](O)[C@H](O)[C@@H]5O)[C@H](O)[C@@H](O)[C@@H]4O)c(-c4ccc(O)cc4)oc3c2)[C@@H](O)[C@H](O)[C@H]1O;CPD1F-431;1;No
O=c1c(O[C@@H]2O[C@@H](CO)[C@H](O)[C@H](O)[C@H]2O)c(-c2ccc(O)c(O)c2)oc2cc([O-])cc(O)c12;CPD1F-437;1;No
C[C@H]1O[C@@H](Oc2c(-c3ccc(O)cc3)oc3cc([O-])cc(O)c3c2=O)[C@@H](O)[C@@H](O)[C@H]1O;CPD1F-461;1;No
C[C@H]1O[C@@H](Oc2cc(O)c3c(=O)c(O[C@@H]4O[C@H](C)[C@@H](O)[C@@H](O)[C@H]4O)c(-c4ccc(O)cc4)oc3c2)[C@@H](O)[C@@H](O)[C@@H]1O;CPD1F-462;1;No
[O-]c1cc([O-])c2cc(O[C@H]3O[C@H](CO)[C@H](O)[C@@H](O)[C@@H]3O)c(-c3ccc(O)c(O)c3)[o+]c2c1;CPD1F-766;1;No
C[C@@H]1O[C@H](Oc2cc([O-])c3c(=O)c(O[C@H]4O[C@@H](C)[C@H](O)[C@@H](O)[C@H]4O)c(-c4ccc(O)c(O)c4)oc3c2)[C@H](O)[C@@H](O)[C@H]1O;CPDQT-26;1;No
O=c1ccc2ccc(O[C@H]3O[C@@H](CO)[C@@H](O)[C@H](O)[C@@H]3O)c(O)c2o1;DAPHNIN;1;No
O=c1cc(-c2ccc(O)cc2)oc2cc([O-])c([C@H]3O[C@@H](CO)[C@H](O)[C@@H](O)[C@@H]3O[C@H]3O[C@H](CO)[C@@H](O)[C@@H](O)[C@H]3O)c(O)c12;ISOVITEXIN-2-O-B-D-GLUCOSIDE;1;No
O=C([O-])[C@H]1O[C@H](Oc2cc(O)c3c(=O)cc(-c4ccc(O)c(O)c4)oc3c2)[C@@H](O)[C@H](O)[C@H]1O;LUTEOLIN-7-O-BETA-D-GLUCURONIDE;1;No
C[C@H]1O[C@@H](O[C@H]2[C@H](Oc3cc(O)c4c(=O)cc(-c5ccc(O)c(O)c5)oc4c3)O[C@H](CO)[C@@H](O)[C@@H]2O)[C@@H](O)[C@H](O)[C@@H]1O;LUTEOLIN-7-O-NEOHESPERIDOSIDE;1;No
C[C@H]1O[C@@H](OC[C@H]2O[C@H](Oc3c(-c4ccc(O)c(O)c4)oc4cc(O)cc(O)c4c3=O)[C@H](O)[C@@H](O)[C@@H]2O)[C@@H](O)[C@@H](O)[C@@H]1O;RUTIN;1;No
O=c1cc(-c2ccc(O)cc2)oc2c([C@H]3O[C@@H](CO)[C@H](O)[C@H](O)[C@@H]3O)c([O-])cc(O)c12;VITEXIN;1;No
O=c1cc(-c2ccc(O)cc2)oc2c([C@H]3O[C@@H](CO)[C@H](O)[C@@H](O)[C@@H]3O[C@H]3O[C@@H](CO)[C@H](O)[C@H](O)[C@H]3O)c([O-])cc(O)c12;VITEXIN-2-O-BETA-D-GLUCOSIDE;1;No
OC[C@H]1O[C@@H](OC[C@@H]2O[C@@H](O)[C@H](O)[C@@H](O)[C@@H]2O)[C@@H](O)[C@@H](O)[C@@H]1O;|Gentiobiose|;2;Yes
OC[C@@H]1O[C@](CO)(OC[C@]2(O[C@H]3O[C@H](CO)[C@H](O)[C@@H](O)[C@@H]3O)O[C@H](CO)[C@@H](O)[C@@H]2O)[C@@H](O)[C@H]1O;1-KESTOTRIOSE;2;No
O=C(O[C@@H]1O[C@H](CO)[C@H](O)[C@@H](O)[C@@H]1O)c1cc(O)c(O)c(O)c1;1-O-GALLOYL-BETA-D-GLUCOSE;2;No
CC(=O)O[C@@]12CO[C@@H]1C[C@@H](O)[C@@]1(C)C(=O)[C@@H](O)C3=C(C)[C@@H](O)C[C@@](O)([C@H](O)[C@H]21)C3(C)C;10-DEACETYL-2-DEBENZOYLBACCATIN-III;2;No
CC(=O)O[C@]12CO[C@H]1C[C@H](O)[C@@]1(C)C(=O)[C@@H](O)C3=C(C)[C@@H](O)C[C@@](O)([C@@H](OC(=O)c4ccccc4)[C@H]12)C3(C)C;10-DEACETYLBACCATIN-III;2;No
O=S(=O)([O-])O/N=C(/CCCO)S[C@@H]1O[C@@H](CO)[C@@H](O)[C@H](O)[C@H]1O;3-HYDROXYPROPYL-GLUCOSINOLATE;2;No
CSCCC/C(=N\O)S[C@@H]1O[C@H](CO)[C@H](O)[C@@H](O)[C@H]1O;3-METHYLTHIOPROPYL-DESULFO-GLUCOSINOLATE;2;No
O=C(/C=C\c1ccc(O)cc1)O[C@H]1C[C@@](O)(C(=O)[O-])C[C@@H](O)[C@@H]1O;4-COUMAROYLQUINATE;2;No
O=S(=O)([O-])O/N=C(\Cc1c[nH]c2cccc(O)c12)S[C@@H]1O[C@@H](CO)[C@@H](O)[C@H](O)[C@H]1O;4-HYDROXY-3-INDOLYLMETHYL-GLUCOSINOLATE;2;No
O=C(Cc1c[nH]c2ccccc12)O[C@H]1[C@H](O[C@@H]2O[C@H](CO)[C@@H](O)[C@@H](O)[C@H]2O)[C@@H](O)[C@@H](O)[C@@H](O)[C@H]1O;5-O-INDOL-3-YLACETYL-MYO-ETCETERA;2;No
OC[C@@H]1O[C@](CO)(OC[C@H]2O[C@@H](O[C@@]3(CO)O[C@@H](CO)[C@H](O)[C@H]3O)[C@H](O)[C@@H](O)[C@@H]2O)[C@H](O)[C@H]1O;6G-KESTOTETRAOSE;2;No
CC(=O)O[C@H]1C(=O)[C@]2(C)[C@@H](O)C[C@H]3OC[C@@]3(OC(C)=O)[C@@H]2[C@@H](OC(=O)c2ccccc2)[C@]2(O)C[C@@H](O)C(C)=C1C2(C)C;BACCATIN-III;2;No
OC[C@@H]1O[C@@H](S/C(Cc2ccccc2)=N/O)[C@H](O)[C@@H](O)[C@H]1O;BENZYL-DESULFOGLUCOSINOLATE;2;No
Oc1cc(O)c2c(c1)O[C@H](c1cc(O)c(O)c(O)c1)[C@@H](O)C2;CPD-10358;2;No
N#C[C@@H](O[C@@H]1O[C@@H](CO)[C@H](O)[C@H](O)[C@H]1O)c1ccc(O)cc1;CPD-1042;2;No
C[C@]12CC[C@H](O[C@H]3O[C@@H](CO)[C@@H](O)[C@H](O)[C@H]3O)C[C@H]1CC[C@@H]1[C@H]2CC[C@]2(C)[C@@H](C3=CC(=O)OC3)CC[C@@]12O;CPD-10536;2;No
C[C@@H]1O[C@@H](O[C@@H]2CC[C@]3(C)[C@H]4CC[C@]5(C)[C@@H](C6=CC(=O)OC6)CC[C@]5(O)[C@H]4CC[C@@H]3C2)[C@H](O)[C@@H](O)[C@@H]1O[C@H]1O[C@H](CO)[C@@H](O)[C@H](O)[C@H]1O;CPD-10539;2;No
CNc1ccccc1C(=O)O[C@H]1C[C@]2(C)[C@@H](O)C[C@@]3(C)[C@@]4(C)CC[C@H]5[C@@](C)(CO)[C@@H](O[C@@H]6OC[C@H](O[C@@H]7O[C@H](CO)[C@@H](O)[C@H](O)[C@H]7O)[C@@H](O)[C@@H]6O[C@@H]6O[C@@H](CO)[C@H](O)[C@@H](O)[C@H]6O)CC[C@@]5(C)[C@@H]4C[C@@H]4O[C@@]43[C@@H]2C[C@@]1(C)C=O;CPD-10678;2;No
N#C[C@H](O[C@H]1O[C@H](CO[C@@H]2O[C@H](CO)[C@H](O)[C@@H](O)[C@@H]2O)[C@H](O)[C@H](O)[C@@H]1O)c1ccccc1;CPD-1125;2;No
OCc1ccccc1O[C@H]1O[C@H](CO)[C@H](O)[C@H](O)[C@@H]1O;CPD-1142;2;No
O=C1c2c(O)cccc2[C@@H]([C@H]2O[C@@H](CO)[C@H](O)[C@H](O)[C@@H]2O)c2cc(CO)cc(O)c21;CPD-11590;2;No
Oc1cc(O)c2c(c1)O[C@@H](c1ccc(O)c(O)c1)C[C@H]2O;CPD-11941;2;No
O=C1/C(=C/Oc2ccc(O)cc2)Oc2cc(O)ccc21;CPD-12038;2;No
CC(C)=CCC[C@@](C)(O)[C@H]1CC[C@@]2(C)[C@@H]1[C@H](O)C[C@H]1[C@]3(C)CC[C@H](O[C@@H]4O[C@H](CO)[C@@H](O)[C@H](O)[C@H]4O[C@@H]4O[C@@H](CO)[C@@H](O)[C@H](O)[C@H]4O)C(C)(C)[C@@H]3CC[C@@]12C;CPD-12102;2;No
O=C(CCc1ccc(O)cc1)c1c(O)cc([O-])cc1O[C@H]1O[C@@H](CO)[C@H](O)[C@@H](O)[C@@H]1O;CPD-12447;2;No
OC[C@@H]1O[C@@](CO[C@@H]2O[C@H](CO)[C@H](O)[C@@H](O)[C@@H]2O)(O[C@H]2O[C@@H](CO[C@@H]3O[C@@H](CO)[C@H](O)[C@H](O)[C@H]3O)[C@@H](O)[C@H](O)[C@H]2O)[C@@H](O)[C@@H]1O;CPD-12462;2;No
OC[C@@H]1O[C@@H](O[C@@H]2[C@@H](O)[C@@H](O)[C@H](O[C@]3(CO[C@H]4O[C@H](CO)[C@@H](O)[C@@H](O)[C@@H]4O)O[C@H](CO)[C@@H](O)[C@@H]3O)O[C@@H]2CO[C@@H]2O[C@@H](CO)[C@H](O)[C@@H](O)[C@@H]2O)[C@@H](O)[C@H](O)[C@H]1O;CPD-12463;2;No
OC[C@@H]1O[C@](CO)(O[C@H]2O[C@H](CO[C@H]3O[C@H](CO)[C@@H](O)[C@H](O)[C@H]3O)[C@@H](O[C@H]3O[C@H](CO)[C@@H](O)[C@@H](O)[C@@H]3O)[C@@H](O)[C@@H]2O)[C@H](O)[C@H]1O;CPD-12464;2;No
C[C@H]1O[C@@H](OC[C@@H]2O[C@@H](O)[C@H](O)[C@@H](O)[C@@H]2O)[C@H](O)[C@@H](O)[C@H]1O;CPD-12733;2;No
C[C@H]1O[C@H](O[C@@H]2[C@@H](O[C@@H]3[C@@H](O[C@@H]4CC[C@@]5(C)[C@@H]6CC=C7[C@H]8CC(C)(C)C[C@H](O)[C@@]8(C)CC[C@]7(C)[C@@]6(C)CC[C@H]5[C@]4(C)CO)O[C@H](C(=O)[O-])[C@@H](O)[C@@H]3O)O[C@H](CO)[C@@H](O)[C@H]2O)[C@@H](O)[C@H](O)[C@H]1O;CPD-13255;2;No
OC[C@H]1O[C@H](OCCc2ccc(O)cc2)[C@H](O)[C@@H](O)[C@H]1O;CPD-13354;2;No
C=C1C[C@@]23CC[C@@H]4[C@](C)(C(=O)O)CCC[C@]4(C)[C@H]2CC[C@]1(O[C@@H]1O[C@H](CO)[C@@H](O)[C@H](O)[C@H]1O[C@@H]1O[C@H](CO)[C@H](O)[C@H](O)[C@H]1O)C3;CPD-14503;2;No
C=C1C[C@]23CC[C@@H]4[C@@](C)(C(=O)O[C@H]5O[C@H](CO)[C@@H](O)[C@H](O)[C@H]5O)CCC[C@@]4(C)[C@@H]2CC[C@@]1(O[C@@H]1O[C@H](CO)[C@@H](O)[C@@H](O)[C@@H]1O[C@H]1O[C@H](CO)[C@H](O)[C@@H](O)[C@@H]1O)C3;CPD-14504;2;No
C=C1C[C@@]23CC[C@@H]4[C@@](C)(CCC[C@@]4(C)C(=O)O[C@H]4O[C@@H](CO)[C@H](O)[C@H](O)[C@@H]4O)[C@@H]2C[C@@H](O[C@H]2O[C@@H](CO)[C@H](O)[C@@H](O[C@H]4O[C@@H](CO)[C@H](O)[C@@H](O)[C@@H]4O)[C@@H]2O[C@H]2O[C@@H](CO)[C@@H](O)[C@H](O)[C@H]2O)[C@@H]1C3;CPD-14506;2;No
C=C1C[C@]23CC[C@@H]4[C@@](C)(C(=O)O)CCC[C@]4(C)[C@H]2C[C@H](O[C@H]2O[C@@H](CO)[C@@H](O)[C@H](O[C@@H]4O[C@H](CO)[C@@H](O)[C@@H](O)[C@@H]4O)[C@H]2O[C@H]2O[C@H](CO)[C@@H](O)[C@H](O)[C@@H]2O)[C@H]1C3;CPD-14507;2;No
CC(C)(C#N)O[C@@H]1O[C@H](CO[C@H]2O[C@@H](CO)[C@@H](O)[C@@H](O)[C@H]2O)[C@@H](O)[C@H](O)[C@H]1O;CPD-14594;2;No
CC[C@](C)(C#N)O[C@@H]1O[C@H](CO[C@@H]2O[C@H](CO)[C@@H](O)[C@H](O)[C@H]2O)[C@@H](O)[C@@H](O)[C@H]1O;CPD-14596;2;No
CC(C)=CCC/C(C)=C/CO[C@@H]1O[C@@H](CO[C@@H]2OC[C@@H](O)[C@H](O)[C@H]2O)[C@@H](O)[C@H](O)[C@H]1O;CPD-14731;2;No
C=C[C@@](C)(CCC=C(C)C)O[C@H]1O[C@@H](CO[C@@H]2OC[C@@H](O)[C@@H](O)[C@H]2O)[C@H](O)[C@H](O)[C@H]1O;CPD-14732;2;No
O[C@H]1CO[C@H](OC[C@H]2O[C@@H](OCc3ccccc3)[C@H](O)[C@@H](O)[C@@H]2O)[C@H](O)[C@H]1O;CPD-14734;2;No
O[C@H]1CO[C@H](OC[C@H]2O[C@@H](OCCc3ccccc3)[C@H](O)[C@@H](O)[C@@H]2O)[C@@H](O)[C@H]1O;CPD-14735;2;No
C=CCc1ccc(O[C@@H]2O[C@@H](CO[C@H]3OC[C@H](O)[C@@H](O)[C@@H]3O)[C@@H](O)[C@H](O)[C@@H]2O)c(OC)c1;CPD-14737;2;No
OC[C@]1(O)CO[C@@H](OC[C@@H]2O[C@H](OCc3ccccc3)[C@H](O)[C@H](O)[C@@H]2O)[C@H]1O;CPD-14739;2;No
COc1cc(/C=C\C(O)=C\C(=O)/C=C/c2ccc(O[C@H]3O[C@H](CO[C@@H]4O[C@H](CO[C@H]5O[C@@H](CO)[C@H](O)[C@H](O)[C@H]5O)[C@H](O)[C@@H](O)[C@H]4O)[C@@H](O)[C@H](O)[C@H]3O)c(OC)c2)ccc1O;CPD-14835;2;No
COc1cc(/C=C/C(O)=C/C(=O)/C=C\c2ccc(O[C@@H]3O[C@@H](CO[C@@H]4O[C@H](CO[C@H]5O[C@@H](CO[C@H]6O[C@H](CO)[C@@H](O)[C@@H](O)[C@@H]6O)[C@@H](O)[C@H](O)[C@@H]5O)[C@@H](O)[C@H](O)[C@H]4O)[C@H](O)[C@H](O)[C@H]3O)c(OC)c2)ccc1O;CPD-14836;2;No
OC[C@@H]1O[C@@H](OC[C@H]2O[C@@H](Oc3cc4c(cc3[C@H]3OC[C@@H]5[C@@H](c6ccc7c(c6)OCO7)OC[C@H]35)OCO4)[C@H](O)[C@@H](O)[C@@H]2O)[C@H](O)[C@H](O)[C@@H]1O;CPD-14839;2;No
OC[C@@H]1O[C@H](O[C@@H]2[C@@H](O)[C@@H](O)[C@@H](CO[C@@H]3O[C@@H](CO)[C@H](O)[C@H](O)[C@H]3O)O[C@@H]2Oc2cc3c(cc2[C@@H]2OC[C@@H]4[C@H]2CO[C@H]4c2ccc4c(c2)OCO4)OCO3)[C@H](O)[C@@H](O)[C@@H]1O;CPD-14840;2;No
OC[C@H]1O[C@H](OC[C@H]2O[C@H](OC[C@@H]3O[C@@H](Oc4cc5c(cc4[C@@H]4OC[C@@H]6[C@H]4CO[C@H]6c4ccc6c(c4)OCO6)OCO5)[C@H](O)[C@@H](O)[C@H]3O)[C@@H](O)[C@H](O)[C@@H]2O)[C@H](O)[C@H](O)[C@@H]1O;CPD-14841;2;No
COc1cc(C(=O)O[C@H]2O[C@H](CO)[C@H](O)[C@@H](O)[C@@H]2O)ccc1O;CPD-15006;2;No
O=C1C[C@](O)(c2ccc(O)c(O)c2)Oc2cc(O)cc(O)c21;CPD-15079;2;No
O=C(C[C@H](O)C(=O)[O-])O[C@H]1O[C@H](CO)[C@@H](O)[C@@H](O)[C@H]1O;CPD-15286;2;No
O=C(CO)[C@@H](O)[C@H](O)[C@H](O)CO;CPD-15382;2;No
CC(C)=CCC[C@](C)(O[C@@H]1O[C@H](CO)[C@@H](O)[C@@H](O)[C@H]1O)[C@@H]1CC[C@]2(C)[C@H]1[C@H](O)C[C@H]1[C@@]3(C)CC[C@H](O)C(C)(C)[C@H]3[C@H](O[C@H]3O[C@H](CO)[C@H](O)[C@H](O)[C@@H]3O)C[C@]12C;CPD-15445;2;No
CC(C)=CCC[C@](C)(O)[C@H]1CC[C@@]2(C)[C@@H]1[C@@H](O)C[C@H]1[C@]2(C)C[C@@H](O)[C@@H]2C(C)(C)[C@@H](O)CC[C@@]21C;CPD-15447;2;No
CC1(C)CC[C@]2(C(=O)O[C@@H]3O[C@H](CO)[C@@H](O)[C@@H](O)[C@@H]3O)CC[C@]3(C)C(=CC[C@@H]4[C@@]5(C)CC[C@H](O[C@H]6O[C@@H](C(=O)[O-])[C@H](O)[C@@H](O)[C@@H]6O[C@H]6O[C@@H](CO)[C@H](O)[C@H](O)[C@H]6O)C(C)(C)[C@H]5CC[C@]43C)[C@@H]2C1;CPD-15576;2;No
OC[C@@H]1O[C@@H](O[C@@H]2[C@H](CO)O[C@@H](O)[C@@H](O)[C@@H]2O)[C@H](O)[C@@H](O)[C@@H]1O;CPD-15717;2;No
OC[C@@H]1O[C@@H](OC[C@@H]2O[C@H](O[C@@]3(CO)O[C@H](CO)[C@@H](O)[C@@H]3O[C@H]3O[C@H](CO)[C@H](O)[C@@H](O)[C@@H]3O)[C@@H](O)[C@H](O)[C@H]2O)[C@H](O)[C@@H](O)[C@@H]1O;CPD-16418;2;No
O=C(O[C@@H]1Cc2c(O)cc(O)cc2O[C@H]1c1ccc(O)c(O)c1)c1cc(O)c(O)c(O)c1;CPD-16530;2;No
O=C(O[C@H]1Cc2c(O)cc(O)cc2O[C@@H]1c1cc(O)c(O)c(O)c1)c1cc(O)c(O)c(O)c1;CPD-16531;2;No
O=C(/C=C\c1ccc(O)c(O)c1)O[C@@H]1O[C@H](CO)[C@H](O)[C@@H](O)[C@@H]1O;CPD-16550;2;No
C[C@]1(C=O)C[C@@H]2[C@@]34O[C@@H]3C[C@H]3[C@@]5(C)CC[C@H](O[C@H]6OC[C@H](O[C@H]7O[C@@H](CO)[C@@H](O)[C@H](O)[C@H]7O)[C@@H](O)[C@H]6O[C@H]6O[C@@H](CO)[C@H](O)[C@H](O)[C@H]6O)[C@@](C)(CO)[C@H]5CC[C@@]3(C)[C@]4(C)C[C@H](O)[C@]2(C)C[C@@H]1OC(=O)c1ccccc1;CPD-16599;2;No
C[C@]12C[C@H](O)[C@](C)(C=O)C[C@H]1[C@]13O[C@H]1C[C@@H]1[C@]4(C)CC[C@@H](O[C@@H]5OC[C@@H](O[C@H]6O[C@H](CO)[C@@H](O)[C@H](O)[C@@H]6O)[C@@H](O)[C@H]5O[C@@H]5O[C@@H](CO)[C@H](O)[C@@H](O)[C@H]5O)[C@@](C)(CO)[C@@H]4CC[C@]1(C)[C@@]3(C)C[C@@H]2O;CPD-16623;2;No
C[C@@]1(CO)[C@H]2CC[C@@]3(C)[C@@H](C[C@@H]4O[C@@]45[C@@H]4C[C@@](C)(C=O)[C@@H](OC(=O)c6ccccc6N)C[C@@]4(C)[C@H](O)C[C@]35C)[C@@]2(C)CC[C@H]1O[C@H]1OC[C@H](O[C@@H]2O[C@@H](CO)[C@@H](O)[C@@H](O)[C@@H]2O)[C@H](O)[C@H]1O[C@H]1O[C@H](CO)[C@@H](O)[C@H](O)[C@H]1O;CPD-16624;2;No
C[C@@]12CC[C@@H](O[C@H]3OC[C@H](O)[C@@H](O)[C@H]3O[C@H]3O[C@H](CO)[C@@H](O)[C@H](O)[C@@H]3O)[C@@](C)(CO)[C@@H]1CC[C@]1(C)[C@@H]2C[C@@H]2O[C@@]23[C@@H]2C[C@@](C)(C=O)[C@H](O)C[C@]2(C)[C@H](O)C[C@@]13C;CPD-16625;2;No
COc1cc(C[C@H](CO[C@H]2O[C@H](CO)[C@@H](O)[C@H](O)[C@@H]2O)[C@H](CO)Cc2ccc(O)c(OC)c2)ccc1O;CPD-16683;2;No
COc1cc(C[C@H](CO[C@H]2O[C@@H](CO)[C@H](O)[C@@H](O)[C@@H]2O)[C@@H](CO[C@H]2O[C@H](CO)[C@H](O)[C@H](O)[C@H]2O)Cc2ccc(O)c(OC)c2)ccc1O;CPD-16684;2;No
O=C1c2ccc(O)cc2O[C@@H]1[C@H](OO)c1ccc(O[C@@H]2O[C@@H](CO)[C@H](O)[C@H](O)[C@@H]2O)cc1;CPD-17478;2;No
O=C1c2ccc(O)cc2O[C@@H]1[C@@H](O)c1ccc(O[C@@H]2O[C@H](CO)[C@@H](O)[C@H](O)[C@@H]2O)cc1;CPD-17480;2;No
COc1cc(/C=C\CO)ccc1O[C@@H]1O[C@@H](CO)[C@H](O)[C@@H](O)[C@@H]1O;CPD-1777;2;No
OC[C@H]1O[C@@H](S/C(Cc2c[nH]c3ccccc23)=N/O)[C@H](O)[C@@H](O)[C@@H]1O;CPD-1862;2;No
O=S(=O)([O-])O/N=C(/Cc1cn(O)c2ccccc12)S[C@@H]1O[C@@H](CO)[C@H](O)[C@@H](O)[C@H]1O;CPD-19470;2;No
O=C(CCc1ccc(O)cc1)c1c(O)cc(O)c([C@@H]2O[C@@H](CO)[C@@H](O)[C@@H](O)[C@@H]2O)c1O;CPD-20010;2;No
O=C1C[C@](O)(c2ccc(O)cc2)Oc2cc([O-])c([C@@H]3O[C@@H](CO)[C@H](O)[C@H](O)[C@H]3O)c(O)c21;CPD-20015;2;No
C=C1C[C@@]23C[C@]1(O)CC[C@H]2[C@@]12C[C@H](O)[C@@H](O)[C@@](C)(C(=O)O1)[C@H]2[C@@H]3C(=O)[O-];CPD-204;2;No
C=C1C[C@@]23C[C@]1(O)CC[C@@H]2C1=CC(=O)[C@H](O)[C@](C)(C(=O)[O-])[C@@H]1[C@@H]3C(=O)[O-];CPD-229;2;No
OC[C@@H]1O[C@@H](O[C@@H]2[C@H](O)[C@@H](O)[C@H](O)[C@@H](O)[C@H]2O)[C@@H](O)[C@@H](O)[C@H]1O;CPD-458;2;No
O=C1c2c(O)cc([O-])cc2O[C@@H](c2ccc(O)c(O)c2)[C@@H]1O;CPD-474;2;No
C=C1C[C@]23C[C@@]1(O)CC[C@H]2[C@@]1(C)C[C@H](O)C[C@@](C)(C(=O)[O-])[C@H]1[C@H]3C(=O)[O-];CPD-477;2;No
C=C1C[C@@]23C[C@]1(O)CC[C@@H]2[C@]12CC[C@@H](O)[C@](C)(C(=O)OC1)[C@H]2[C@@H]3C(=O)[O-];CPD-6203;2;No
COc1cc(/C=C\CO)cc(OC)c1O[C@@H]1O[C@@H](CO)[C@@H](O)[C@H](O)[C@H]1O;CPD-63;2;No
COc1cc(/C=C/C(=O)/C=C(O)\C=C/c2ccc(O[C@H]3O[C@H](CO)[C@@H](O)[C@@H](O)[C@@H]3O)c(OC)c2)ccc1O[C@@H]1O[C@@H](CO)[C@@H](O)[C@H](O)[C@@H]1O;CPD-6623;2;No
COc1cc(/C=C/C(O)=C\C(=O)/C=C/c2ccc(O[C@@H]3O[C@@H](CO[C@H]4O[C@@H](CO)[C@H](O)[C@H](O)[C@H]4O)[C@H](O)[C@@H](O)[C@@H]3O)c(OC)c2)ccc1O;CPD-6624;2;No
COc1cc(/C=C/C(O)=C\C(=O)/C=C\c2ccc(O[C@H]3O[C@H](CO[C@H]4O[C@H](CO)[C@H](O)[C@@H](O)[C@@H]4O)[C@@H](O)[C@@H](O)[C@H]3O)c(OC)c2)ccc1O[C@H]1O[C@H](CO)[C@@H](O)[C@@H](O)[C@H]1O;CPD-6625;2;No
O=C1C[C@H](c2ccc(O)c(O)c2)Oc2cc([O-])cc(O)c21;CPD-6994;2;No
C[C@H]1O[C@@H](OC[C@H]2O[C@@H](Oc3cc(O)c4c(c3)O[C@@H](c3ccc(O)cc3)CC4=O)[C@@H](O)[C@H](O)[C@H]2O)[C@@H](O)[C@H](O)[C@@H]1O;CPD-7059;2;No
COc1ccc([C@H]2CC(=O)c3c(O)cc(O[C@H]4O[C@H](CO)[C@H](O)[C@H](O)[C@H]4O)cc3O2)cc1O;CPD-7073;2;No
COc1ccc([C@@H]2CC(=O)c3c(O)cc(O[C@H]4O[C@H](CO)[C@@H](O)[C@H](O)[C@@H]4O[C@@H]4O[C@H](C)[C@@H](O)[C@H](O)[C@H]4O)cc3O2)cc1O;CPD-7074;2;No
COc1ccc([C@@H]2CC(=O)c3c(O)cc(O[C@@H]4O[C@H](CO[C@H]5O[C@H](C)[C@@H](O)[C@@H](O)[C@H]5O)[C@@H](O)[C@H](O)[C@H]4O)cc3O2)cc1O;CPD-7075;2;No
O=C1c2c(O)cc([O-])cc2O[C@H](c2cc(O)c(O)c(O)c2)[C@H]1O;CPD-7087;2;No
O=C([O-])[C@@H]([NH2+]CC[C@@H](O)C(=O)[O-])[C@@H](O)CN1CC[C@H]1C(=O)[O-];CPD-7231;2;No
O=C(/C=C/c1ccc(O)c(O)c1)c1ccc(O[C@@H]2O[C@@H](CO)[C@@H](O)[C@H](O)[C@H]2O)cc1O;CPD-7390;2;No
CC1(C)C[C@H](O)[C@@]2(C)CC[C@@]3(C)C(=CC[C@H]4[C@@]5(C)CC[C@H](O[C@H]6O[C@H](C(=O)[O-])[C@@H](O)[C@@H](O)[C@H]6O)[C@](C)(CO)[C@H]5CC[C@]43C)[C@H]2C1;CPD-7612;2;No
CO[C@@H]1[C@H](O)[C@@H](O[C@@H]2O[C@H](CO)[C@H](O)[C@@H](O)[C@H]2O)[C@@H](O)[C@H](O)[C@H]1O;CPD-8047;2;No
CO[C@H]1[C@@H](O[C@@H]2O[C@H](CO)[C@@H](O)[C@@H](O)[C@@H]2O)[C@@H](O)[C@H](O)[C@@H](O)[C@H]1O;CPD-8048;2;No
CO[C@H]1[C@H](O)[C@H](O)[C@H](O)[C@H](O[C@@H]2O[C@@H](CO[C@H]3O[C@@H](CO)[C@H](O)[C@H](O)[C@H]3O)[C@H](O)[C@H](O)[C@H]2O)[C@@H]1O;CPD-8049;2;No
O=C(/C=C/c1ccc(O)cc1)c1c(O)cc(O)cc1O[C@H]1O[C@@H](CO)[C@@H](O)[C@H](O)[C@H]1O;CPD-8062;2;No
OC[C@@H]1O[C@@H](OC[C@@H]2O[C@@H](OC[C@H]3O[C@@H](OC[C@H]4O[C@@H](O[C@@]5(CO)O[C@@H](CO)[C@H](O)[C@H]5O)[C@H](O)[C@H](O)[C@@H]4O)[C@H](O)[C@@H](O)[C@@H]3O)[C@H](O)[C@@H](O)[C@@H]2O)[C@@H](O)[C@H](O)[C@H]1O;CPD-8065;2;No
OC[C@@H]1O[C@@](CO)(O[C@H]2O[C@@H](CO[C@@H]3O[C@H](CO[C@H]4O[C@@H](CO[C@@H]5O[C@H](CO[C@@H]6O[C@H](CO)[C@@H](O)[C@H](O)[C@@H]6O)[C@H](O)[C@H](O)[C@H]5O)[C@H](O)[C@@H](O)[C@@H]4O)[C@H](O)[C@@H](O)[C@H]3O)[C@@H](O)[C@H](O)[C@@H]2O)[C@H](O)[C@H]1O;CPD-8066;2;No
CC/C=C\C/C=C/C/C=C/CCCCCCCC(=O)OC[C@@H](CO[C@@H]1O[C@H](CO[C@@H]2O[C@H](CO)[C@@H](O)[C@H](O)[C@H]2O)[C@@H](O)[C@H](O)[C@H]1O)OC(=O)CCCCCCC/C=C/C/C=C/CCCCC;CPD-8084;2;No
CCCCCCCC/C=C/CCCCCCCC(=O)OC[C@H](CO[C@H]1O[C@H](CO[C@H]2O[C@H](CO)[C@@H](O)[C@@H](O)[C@@H]2O)[C@H](O)[C@@H](O)[C@@H]1O)OC(=O)CCCCCCCCCCCCCCC;CPD-8160;2;No
CCCCC/C=C/C/C=C/CCCCCCCC(=O)OC[C@H](CO[C@H]1O[C@H](CO[C@H]2O[C@H](CO)[C@@H](O)[C@@H](O)[C@@H]2O)[C@H](O)[C@@H](O)[C@@H]1O)OC(=O)CCCCCCCCCCCCCCC;CPD-8161;2;No
CC/C=C\C/C=C/C/C=C/CCCCCCCC(=O)OC[C@H](CO[C@H]1O[C@H](CO[C@@H]2O[C@@H](CO)[C@H](O)[C@H](O)[C@H]2O)[C@@H](O)[C@H](O)[C@H]1O)OC(=O)CCCCCCCCCCCCCCC;CPD-8162;2;No
COc1cc(CCCO)ccc1O[C@H]1O[C@H](CO)[C@@H](O)[C@H](O)[C@H]1O;CPD-82;2;No
OC[C@@H]1O[C@H](OC[C@H]2O[C@@H](O[C@@H]3[C@@H](O)[C@H](O)[C@H](O)[C@H](O)[C@H]3O)[C@H](O)[C@H](O)[C@@H]2O)[C@H](O)[C@H](O)[C@H]1O;CPD-8254;2;No
OC[C@@H]1O[C@@H](OC[C@H]2O[C@H](OC[C@@H]3O[C@@H](O[C@H]4[C@@H](O)[C@H](O)[C@@H](O)[C@@H](O)[C@@H]4O)[C@H](O)[C@@H](O)[C@H]3O)[C@@H](O)[C@@H](O)[C@@H]2O)[C@H](O)[C@H](O)[C@H]1O;CPD-8255;2;No
OC[C@H]1O[C@H](OC[C@@H]2O[C@H](OC[C@@H]3O[C@H](O[C@@H]4[C@@H](O)[C@H](O)[C@H](O)[C@H](O)[C@H]4O)[C@H](O)[C@@H](O)[C@H]3O)[C@@H](O)[C@H](O)[C@H]2O)[C@H](O)[C@H](O)[C@@H]1O;CPD-8258;2;No
O=C1/C(=C/c2ccc(O)c(O)c2)Oc2cc(O[C@H]3O[C@@H](CO)[C@H](O)[C@@H](O)[C@@H]3O)cc(O)c21;CPD-8634;2;No
O=C1/C(=C\c2cc(O)c(O)c(O)c2)Oc2cc(O[C@H]3O[C@H](CO)[C@H](O)[C@@H](O)[C@H]3O)cc(O)c21;CPD-8635;2;No
O=C([O-])C1=C/C(=C\C=[N+]2\c3cc(O)c(O[C@@H]4O[C@H](CO)[C@H](O)[C@@H](O)[C@@H]4O)cc3C[C@H]2C(=O)[O-])C[C@@H](C(=O)[O-])N1;CPD-8654;2;No
O=C([O-])[C@H]1Cc2cc(O[C@H]3O[C@@H](CO)[C@H](O)[C@@H](O)[C@@H]3O)c(O)cc2N1;CPD-8656;2;No
O=C([O-])[C@H]1O[C@@H](O[C@H]2[C@@H](Oc3cc4c(cc3O)N[C@@H](C(=O)[O-])C4)O[C@H](CO)[C@@H](O)[C@H]2O)[C@@H](O)[C@H](O)[C@H]1O;CPD-8657;2;No
CC(=C/C=C\C=C(C)\C=C/C=C(/C)C(=O)O[C@H]1O[C@H](CO[C@@H]2O[C@H](CO)[C@H](O)[C@H](O)[C@@H]2O)[C@H](O)[C@H](O)[C@H]1O)/C=C/C=C(\C)C(=O)[O-];CPD-8664;2;No
C/C(=C/C=C/C(C)=C/C=C/C=C(C)/C=C\C=C(\C)C(=O)O[C@H]1O[C@@H](CO)[C@@H](O)[C@H](O)[C@H]1O)C(=O)O[C@@H]1O[C@@H](CO[C@H]2O[C@@H](CO)[C@H](O)[C@@H](O)[C@H]2O)[C@H](O)[C@@H](O)[C@@H]1O;CPD-8665;2;No
CC(/C=C\C=C(\C)C(=O)O[C@@H]1O[C@H](CO[C@@H]2O[C@H](CO)[C@@H](O)[C@H](O)[C@H]2O)[C@H](O)[C@@H](O)[C@@H]1O)=C/C=C\C=C(C)\C=C/C=C(/C)C(=O)O[C@@H]1O[C@H](CO[C@@H]2O[C@H](CO)[C@H](O)[C@H](O)[C@H]2O)[C@@H](O)[C@H](O)[C@H]1O;CPD-8666;2;No
O=C(/C=C/c1ccc(O)cc1)O[C@@H]1[C@@H](O[C@H]2[C@H](Oc3cc4c(cc3O)/[N+](=C\C=C3/C=C(C(=O)[O-])[NH2+][C@H](C(=O)[O-])C3)[C@@H](C(=O)[O-])C4)O[C@@H](CO)[C@H](O)[C@@H]2O)O[C@@H](C(=O)[O-])[C@H](O)[C@@H]1O;CPD-8675;2;No
COc1cc(/C=C/C(=O)O[C@H]2[C@H](O[C@@H]3[C@@H](O)[C@H](O)[C@H](CO)O[C@@H]3Oc3cc4c(cc3O)/[N+](=C\C=C3/C=C(C(=O)[O-])[NH2+][C@@H](C(=O)[O-])C3)[C@@H](C(=O)[O-])C4)O[C@H](C(=O)[O-])[C@H](O)[C@H]2O)ccc1O;CPD-8676;2;No
COc1cc(CC/N=C/C=C2/C=C(C(=O)[O-])N[C@H](C(=O)[O-])C2)ccc1O;CPD-8757;2;No
O=C(OC[C@@H]1O[C@@H](O)[C@@H](O)[C@@H](O)[C@H]1O)c1cc(O)c(O)c(O)c1;CPD-8948;2;No
O=C(O[C@@H]1[C@@H](OC(=O)c2cc(O)c(O)c(O)c2)O[C@@H]2COC(=O)c3cc(O)c(O)c(O)c3-c3c(cc(O)c(O)c3O)C(=O)O[C@@H]2[C@H]1OC(=O)c1cc(O)c(O)c(O)c1)c1cc(O)c(O)c(O)c1;CPD-8949;2;No
CC(=O)O[C@H]1C(=O)[C@]2(C)[C@@H](O)C[C@@H]3OC[C@]3(OC(C)=O)[C@H]2[C@H](OC(=O)c2ccccc2)[C@@]2(O)C[C@@H](OC(=O)[C@H](O)[C@@H]([NH3+])c3ccccc3)C(C)=C1C2(C)C;CPD-9203;2;No
C[C@H]1CC[C@@H]2[C@H](C)[C@@H]3[C@@H](C[C@H]4[C@H]5CC=C6C[C@H](O[C@H]7O[C@@H](CO)[C@@H](O)[C@H](O[C@H]8O[C@@H](CO)[C@H](O)[C@@H](O)[C@@H]8O)[C@H]7O[C@H]7O[C@H](C)[C@@H](O)[C@H](O)[C@@H]7O)CC[C@]6(C)[C@@H]5CC[C@]43C)[N@@H+]2C1;CPD-9211;2;No
C[C@@H]1[C@H]2CC[C@@H](C)CN2[C@H]2C[C@H]3[C@@H]4CC=C5C[C@H](O[C@H]6O[C@@H](CO)[C@H](O)[C@H](O[C@@H]7O[C@H](CO)[C@H](O)[C@@H](O)[C@@H]7O)[C@H]6O)CC[C@@]5(C)[C@@H]4CC[C@@]3(C)[C@@H]12;CPD-9212;2;No
C[C@H]1CC[C@@H]2[C@H](C)[C@@H]3[C@@H](C[C@H]4[C@@H]5CC=C6C[C@@H](O[C@H]7O[C@H](CO)[C@@H](O[C@H]8O[C@H](C)[C@H](O)[C@@H](O)[C@@H]8O)[C@@H](O)[C@@H]7O[C@@H]7O[C@@H](C)[C@H](O)[C@@H](O)[C@@H]7O)CC[C@@]6(C)[C@@H]5CC[C@]43C)[N@@H+]2C1;CPD-9214;2;No
CC(C)=CCC[C@](C)(O[C@H]1O[C@@H](CO)[C@H](O)[C@H](O)[C@H]1O)[C@@H]1CC[C@]2(C)[C@H]1[C@H](O)C[C@H]1[C@]2(C)CC[C@@H]2C(C)(C)[C@@H](O[C@H]3O[C@H](CO)[C@@H](O)[C@H](O)[C@H]3O[C@H]3O[C@H](CO)[C@@H](O)[C@H](O)[C@@H]3O)CC[C@@]21C;CPD-9249;2;No
CC(C)=CCC[C@@](C)(O[C@H]1O[C@H](CO[C@H]2O[C@@H](CO)[C@@H](O)[C@H](O)[C@H]2O)[C@@H](O)[C@H](O)[C@H]1O)[C@H]1CC[C@]2(C)[C@@H]1[C@H](O)C[C@H]1[C@]2(C)CC[C@@H]2C(C)(C)[C@@H](O[C@H]3O[C@H](CO)[C@H](O)[C@@H](O)[C@@H]3O[C@@H]3O[C@@H](CO)[C@@H](O)[C@H](O)[C@@H]3O)CC[C@@]21C;CPD-9250;2;No
CC(C)=CCC/C(=C/Cc1cc(O)ccc1O)CO;CPD-9320;2;No
CC(C)=CCc1c(O)cc(O)c2c1O[C@@H](c1ccc(O)cc1)CC2=O;CPD-9440;2;No
C=C(C)[C@@H](CC=C(C)C)Cc1c(O)cc(O)c2c1O[C@H](c1ccc(O)cc1O)CC2=O;CPD-9441;2;No
CC1(C)CC[C@]2(C(=O)O[C@@H]3O[C@H](CO)[C@H](O)[C@H](O)[C@@H]3O)CC[C@]3(C)C(=CC[C@H]4[C@]5(C)CC[C@H](O)[C@@](C)(C=O)[C@@H]5CC[C@@]43C)[C@@H]2C1;CPD-9472;2;No
CC1(C)CC[C@]2(C(=O)O[C@@H]3O[C@H](CO)[C@@H](O)[C@H](O)[C@@H]3O)CC[C@]3(C)C(=CC[C@@H]4[C@]3(C)CC[C@H]3[C@]4(C)CC[C@@H](O)[C@]3(C)C(=O)[O-])[C@@H]2C1;CPD-9475;2;No
CC1(C)CC[C@]2(C(=O)O[C@H]3O[C@H](CO)[C@@H](O)[C@@H](O)[C@@H]3O)[C@@H](O)C[C@@]3(C)C(=CC[C@@H]4[C@]5(C)CC[C@H](O)[C@@](C)(C(=O)[O-])[C@@H]5CC[C@@]43C)[C@@H]2C1;CPD-9477;2;No
Cc1cc2c(C(C)C)c(O)c(O)c(C=O)c2c(O)c1-c1c(O)cc2c(C=O)c(O)c(O)c(C(C)C)c2c1C;CPD-9526;2;No
Cc1cc(O)c2c(c1)/C(=C1\c3cc(C)cc(O)c3C(=O)c3c(O)cc(O)cc31)c1cc(O)cc(O)c1C2=O;CPD-9558;2;No
C=C(CO[C@H]1O[C@@H](CO)[C@H](O)[C@@H](O)[C@H]1O)[C@@H]1Cc2c(ccc3c2O[C@@H]2COc4cc(OC)c(OC)cc4[C@@H]2[C@H]3O)O1;CPD-9677;2;No
C=C(CO)[C@H]1Cc2c(ccc3c2O[C@@H]2COc4cc(OC)c(OC)cc4[C@@H]2[C@H]3O)O1;CPD-9711;2;No
C=C1C[C@]23C[C@@]1(O)CC[C@@H]2[C@@]12CC[C@H](O)[C@@](C)(C(=O)O1)[C@H]2[C@@H]3C(=O)[O-];CPD1F-139;2;No
CSCCCCC/C(=N\O)S[C@H]1O[C@@H](CO)[C@H](O)[C@@H](O)[C@@H]1O;CPDQT-285;2;No
CSCCCC/C(=N\O)S[C@@H]1O[C@@H](CO)[C@H](O)[C@@H](O)[C@@H]1O;CPDQT-416;2;No
CSCCCCCC/C(=N\O)S[C@@H]1O[C@@H](CO)[C@@H](O)[C@H](O)[C@H]1O;CPDQT-417;2;No
CSCCCCCCC/C(=N\O)S[C@@H]1O[C@@H](CO)[C@@H](O)[C@H](O)[C@H]1O;CPDQT-418;2;No
CSCCCCCCCC/C(=N\O)S[C@H]1O[C@H](CO)[C@H](O)[C@@H](O)[C@@H]1O;CPDQT-419;2;No
C=C[C@@H](O)C/C(=N/OS(=O)(=O)[O-])S[C@H]1O[C@H](CO)[C@@H](O)[C@@H](O)[C@@H]1O;CPDQT-421;2;No
CC(C)[C@@H](C)[C@H](O[C@H]1O[C@@H](CO)[C@H](O)[C@@H](O)[C@@H]1O)[C@@H](O)[C@H](C)[C@H]1CC[C@@H]2[C@H]3COC(=O)[C@@H]4C[C@@H](O)[C@H](O)C[C@]4(C)[C@H]3CC[C@]12C;CPDQT-523;2;No
O=C(CO)[C@@H](O)[C@@H](O)[C@@H](O)[C@@H](O)COP(=O)([O-])[O-];D-SEDOHEPTULOSE-7-P;2;No
C=C[C@@H]1[C@H](C[C@@H]2[NH2+]CCc3cc(O)c(O)cc32)C(C(=O)OC)=CO[C@@H]1O[C@H]1O[C@@H](CO)[C@H](O)[C@@H](O)[C@@H]1O;DEACETYLISOIPECOSIDE;2;No
C=C1C[C@@]23C[C@]1(O)CC[C@@H]2[C@]12C=C[C@@H](O)[C@](C)(C(=O)O1)[C@@H]2[C@H]3C(=O)[O-];GIBBERELLIN;2;No
O=C(Cc1c[nH]c2ccccc12)O[C@H]1[C@@H](O[C@@H]2OC[C@H](O)[C@@H](O)[C@H]2O)[C@@H](O)[C@@H](O)[C@@H](O)[C@@H]1O;INDOL-YLACETYL-MYO-INOSITOL-ARABINOSIDE;2;No
C[C@H]1[C@H](O)C[C@H]2C(C(=O)[O-])=CO[C@H](O[C@H]3O[C@@H](CO)[C@@H](O)[C@@H](O)[C@H]3O)[C@H]21;LOGANATE;2;No
COC(=O)C1=CO[C@@H](O[C@H]2O[C@@H](CO)[C@H](O)[C@@H](O)[C@H]2O)[C@H]2[C@@H]1C[C@@H](O)[C@@H]2C;LOGANIN;2;No
OC[C@@H]1O[C@H](O[C@@H]2[C@@H](O)[C@H](O)[C@@H](O[C@@H]3[C@@H](O)[C@@H](O)[C@@H](O)O[C@@H]3CO)O[C@@H]2CO)[C@H](O)[C@@H](O)[C@H]1O;MALTOTRIOSE;2;No
O=C1C[C@H](c2ccc(O)cc2)Oc2cc(O[C@@H]3O[C@H](CO)[C@@H](O)[C@@H](O)[C@@H]3O)cc(O)c21;NARINGENIN-7-O-BETA-D-GLUCOSIDE;2;No
O=C(CCc1ccc(O)cc1)c1c(O)cc(O)cc1O;PHLORETIN;2;No
N#C[C@H](O[C@H]1O[C@@H](CO[C@@H]2OC[C@H](O)[C@@H](O)[C@@H]2O)[C@@H](O)[C@@H](O)[C@@H]1O)c1ccccc1;R-VICIANIN;2;No
OC[C@@H]1O[C@H](O[C@@]2(CO)O[C@H](CO)[C@@H](O)[C@@H]2O)[C@@H](O)[C@@H](O)[C@H]1O;SUCROSE;2;No
O=P([O-])([O-])OC[C@H]1O[C@](CO)(O[C@@H]2O[C@H](CO)[C@@H](O)[C@@H](O)[C@@H]2O)[C@H](O)[C@H]1O;SUCROSE-6P;2;No
COc1ccc([C@H]2COc3cc(O)ccc3C2=O)c(O)c1;VESTITONE;2;No
O[C@H]1CO[C@H](OC[C@@H]2O[C@H](O)[C@H](O)[C@H](O)[C@H]2O)[C@@H](O)[C@H]1O;VICIANOSE;2;No
