SMILES,Name,Cluster,Center
CC(=O)[C@@H](C)C(=O)SCCNC(=O)CCNC(=O)[C@H](O)C(C)(C)CO[P@](=O)([O-])O[P@](=O)([O-])OC[C@H]1O[C@H](n2cnc3c(N)ncnc32)[C@@H](O)[C@H]1OP(=O)([O-])[O-],2-METHYL-ACETO-ACETYL-COA,3,No
CC[C@@H](C)C(=O)SCCNC(=O)CCNC(=O)[C@@H](O)C(C)(C)CO[P@](=O)([O-])O[P@@](=O)([O-])OC[C@H]1O[C@H](n2cnc3c(N)ncnc32)[C@@H](O)[C@H]1OP(=O)([O-])[O-],2-METHYL-BUTYRYL-COA,3,No
C[C@](CO)(OP(=O)([O-])[O-])[C@H](O)CO[P@@](=O)([O-])O[P@@](=O)([O-])OC[C@H]1O[C@H](n2ccc(N)nc2=O)[C@@H](O)[C@@H]1O,2-PHOSPHO-4-CYTIDINE-5-DIPHOSPHO-2-C-MET,0,No
CC(C)(CO[P@@](=O)([O-])O[P@](=O)([O-])OC[C@@H]1O[C@H](n2cnc3c(N)ncnc32)[C@H](O)[C@H]1OP(=O)([O-])[O-])[C@@H](O)C(=O)NCCC(=O)NCCSC(=O)CCO,3-HYDROXY-PROPIONYL-COA,3,No
O=C(/C=C\c1ccc(O)cc1)O[C@H]1C[C@@](O)(C(=O)[O-])C[C@@H](O)[C@@H]1O,4-COUMAROYLQUINATE,2,No
C[C@@](O)(CO)[C@@H](O)CO[P@@](=O)([O-])O[P@@](=O)([O-])OC[C@@H]1O[C@@H](n2ccc(N)nc2=O)[C@@H](O)[C@@H]1O,4-CYTIDINE-5-DIPHOSPHO-2-C,0,No
O=C(Cc1c[nH]c2ccccc12)O[C@H]1[C@H](O[C@@H]2O[C@H](CO)[C@@H](O)[C@@H](O)[C@H]2O)[C@@H](O)[C@@H](O)[C@@H](O)[C@H]1O,5-O-INDOL-3-YLACETYL-MYO-ETCETERA,2,No
CC(=O)SCCNC(=O)CCNC(=O)[C@@H](O)C(C)(C)CO[P@@](=O)([O-])O[P@@](=O)([O-])OC[C@@H]1O[C@@H](n2cnc3c(N)ncnc32)[C@H](O)[C@@H]1OP(=O)([O-])[O-],ACETYL-COA,3,No
C=CC(=O)SCCNC(=O)CCNC(=O)[C@@H](O)C(C)(C)CO[P@](=O)([O-])O[P@@](=O)([O-])OC[C@H]1O[C@H](n2cnc3c(N)ncnc32)[C@@H](O)[C@@H]1OP(=O)([O-])[O-],ACRYLYL-COA,3,No
Nc1ncnc2c1ncn2[C@@H]1O[C@@H](CO[P@@](=O)([O-])O[P@](=O)([O-])O[C@@H]2O[C@@H](CO)[C@@H](O)[C@@H](O)[C@@H]2O)[C@@H](O)[C@@H]1O,ADP-D-GLUCOSE,0,Yes
C[C@H]1O[C@@H](O[C@@H]2[C@@H](O)[C@H](O)[C@H](CO)O[C@@H]2Oc2cc(O)c3c(=O)cc(-c4ccc(O)cc4)oc3c2)[C@H](O)[C@H](O)[C@@H]1O,APIGENIN-7-O-NEOHESPERIDOSIDE,1,No
CC(C)(CO[P@](=O)([O-])O[P@](=O)([O-])OC[C@@H]1O[C@@H](n2cnc3c(N)ncnc32)[C@H](O)[C@@H]1OP(=O)([O-])[O-])[C@@H](O)C(=O)NCCC(=O)NCCSC(=O)c1ccccc1,BENZOYLCOA,3,No
OC[C@@H]1O[C@@H](S/C(Cc2ccccc2)=N/O)[C@H](O)[C@@H](O)[C@H]1O,BENZYL-DESULFOGLUCOSINOLATE,2,No
CC(C)(CO[P@@](=O)([O-])O[P@@](=O)([O-])OC[C@@H]1O[C@H](n2cnc3c(N)ncnc32)[C@H](O)[C@H]1OP(=O)([O-])[O-])[C@@H](O)C(=O)NCCC(=O)NCCS,CO-A,3,No
CCCCCC/C=C/CCCCCCCC(=O)SCCNC(=O)CCNC(=O)[C@H](O)C(C)(C)CO[P@](=O)([O-])O[P@](=O)([O-])OC[C@H]1O[C@H](n2cnc3c(N)ncnc32)[C@@H](O)[C@@H]1OP(=O)([O-])[O-],CPD-10269,3,No
O=C([O-])CC(=O)OC[C@@H]1O[C@@H](Oc2cc(O)c3c(=O)cc(-c4ccc(O)cc4)oc3c2)[C@H](O)[C@H](O)[C@@H]1O,CPD-10318,1,No
O=c1cc(-c2ccc(O)cc2)oc2cc(O[C@@H]3OC[C@H](O)[C@@H](O)[C@H]3O)c([C@H]3O[C@H](CO)[C@@H](O)[C@H](O)[C@H]3O)c(O)c12,CPD-10349,1,No
Oc1cc(O)c2c(c1)O[C@H](c1cc(O)c(O)c(O)c1)[C@@H](O)C2,CPD-10358,2,No
N#C[C@@H](O[C@@H]1O[C@@H](CO)[C@H](O)[C@H](O)[C@H]1O)c1ccc(O)cc1,CPD-1042,2,No
COc1cc(-c2[o+]c3cc(O)cc(O)c3cc2O)ccc1O,CPD-10500,1,No
COc1cc(-c2[o+]c3cc(O)cc(O)c3cc2O[C@@H]2O[C@H](CO)[C@@H](O)[C@@H](O)[C@@H]2O)ccc1O,CPD-10501,1,No
CC(C)(CO[P@@](=O)(O)O[P@@](=O)(O)OC[C@@H]1O[C@@H](n2cnc3c(N)ncnc32)[C@H](O)[C@H]1OP(=O)(O)O)[C@H](O)C(=O)NCCC(=O)NCCSC(=O)/C=C\Cc1c[nH]c2ccccc12,CPD-10516,3,No
CC(C)(CO[P@](=O)(O)O[P@@](=O)(O)OC[C@H]1O[C@H](n2cnc3c(N)ncnc32)[C@@H](O)[C@H]1OP(=O)(O)O)[C@@H](O)C(=O)NCCC(=O)NCCSC(=O)C[C@H](O)Cc1c[nH]c2ccccc12,CPD-10517,3,No
CC(C)(CO[P@@](=O)(O)O[P@@](=O)(O)OC[C@@H]1O[C@H](n2cnc3c(N)ncnc32)[C@H](O)[C@H]1OP(=O)(O)O)[C@@H](O)C(=O)NCCC(=O)NCCSC(=O)CC(=O)Cc1c[nH]c2ccccc12,CPD-10518,3,No
CC(C)(CO[P@](=O)(O)O[P@](=O)(O)OC[C@H]1O[C@H](n2cnc3c(N)ncnc32)[C@@H](O)[C@@H]1OP(=O)(O)O)[C@@H](O)C(=O)NCCC(=O)NCCSC(=O)C[C@@H]1CN[C@@H]2CCCC[C@@H]12,CPD-10519,3,No
C[C@@H]1O[C@H](O[P@@](=O)([O-])O[P@@](=O)([O-])OC[C@H]2O[C@@H](n3ccc(=O)[nH]c3=O)[C@@H](O)[C@H]2O)[C@H](O)[C@@H](O)[C@H]1O,CPD-10542,0,No
CC(C)(CO[P@](=O)([O-])O[P@](=O)([O-])OC[C@H]1O[C@H](n2cnc3c(N)ncnc32)[C@@H](O)[C@H]1OP(=O)([O-])[O-])[C@@H](O)C(=O)NCCC(=O)NCCSC(=O)CC(=O)c1ccc(O)cc1,CPD-10600,3,No
C/C=C(/C)C(=O)SCCNC(=O)CCNC(=O)[C@@H](O)C(C)(C)CO[P@](=O)([O-])O[P@](=O)([O-])OC[C@@H]1O[C@@H](n2cnc3c(N)ncnc32)[C@H](O)[C@@H]1OP(=O)([O-])[O-],CPD-1083,3,No
N#C[C@H](O[C@H]1O[C@H](CO[C@@H]2O[C@H](CO)[C@H](O)[C@@H](O)[C@@H]2O)[C@H](O)[C@H](O)[C@@H]1O)c1ccccc1,CPD-1125,2,No
OCc1ccccc1O[C@H]1O[C@H](CO)[C@H](O)[C@H](O)[C@@H]1O,CPD-1142,2,No
CC/C=C/C[C@H]1C(=O)CC[C@@H]1CCCCC[C@@H](O)CC(=O)SCCNC(=O)CCNC(=O)[C@H](O)C(C)(C)CO[P@@](=O)([O-])O[P@@](=O)([O-])OC[C@H]1O[C@H](n2cnc3c(N)ncnc32)[C@@H](O)[C@@H]1OP(=O)([O-])[O-],CPD-11519,3,No
CC/C=C\C[C@H]1C(=O)CC[C@@H]1CCCCCC(=O)CC(=O)SCCNC(=O)CCNC(=O)[C@@H](O)C(C)(C)CO[P@](=O)([O-])O[P@@](=O)([O-])OC[C@H]1O[C@H](n2cnc3c(N)ncnc32)[C@@H](O)[C@@H]1OP(=O)([O-])[O-],CPD-11520,3,No
CC/C=C/C[C@@H]1C(=O)CC[C@@H]1CCCCCC(=O)SCCNC(=O)CCNC(=O)[C@@H](O)C(C)(C)CO[P@](=O)([O-])O[P@](=O)([O-])OC[C@@H]1O[C@@H](n2cnc3c(N)ncnc32)[C@H](O)[C@@H]1OP(=O)([O-])[O-],CPD-11521,3,No
CC/C=C/C[C@H]1C(=O)CC[C@@H]1CCC/C=C\C(=O)SCCNC(=O)CCNC(=O)[C@@H](O)C(C)(C)CO[P@@](=O)([O-])O[P@](=O)([O-])OC[C@@H]1O[C@@H](n2cnc3c(N)ncnc32)[C@H](O)[C@@H]1OP(=O)([O-])[O-],CPD-11522,3,No
CC/C=C/C[C@@H]1C(=O)CC[C@H]1CCC[C@H](O)CC(=O)SCCNC(=O)CCNC(=O)[C@@H](O)C(C)(C)CO[P@@](=O)([O-])O[P@@](=O)([O-])OC[C@@H]1O[C@@H](n2cnc3c(N)ncnc32)[C@H](O)[C@@H]1OP(=O)([O-])[O-],CPD-11523,3,No
CC/C=C/C[C@H]1C(=O)CC[C@@H]1CCCC(=O)SCCNC(=O)CCNC(=O)[C@H](O)C(C)(C)CO[P@@](=O)([O-])O[P@](=O)([O-])OC[C@H]1O[C@H](n2cnc3c(N)ncnc32)[C@@H](O)[C@H]1OP(=O)([O-])[O-],CPD-11525,3,No
CC/C=C/C[C@H]1C(=O)CC[C@@H]1C/C=C\C(=O)SCCNC(=O)CCNC(=O)[C@@H](O)C(C)(C)CO[P@@](=O)([O-])O[P@](=O)([O-])OC[C@H]1O[C@H](n2cnc3c(N)ncnc32)[C@@H](O)[C@H]1OP(=O)([O-])[O-],CPD-11526,3,No
CC/C=C/C[C@H]1C(=O)CC[C@@H]1C[C@@H](O)CC(=O)SCCNC(=O)CCNC(=O)[C@@H](O)C(C)(C)CO[P@](=O)([O-])O[P@@](=O)([O-])OC[C@H]1O[C@H](n2cnc3c(N)ncnc32)[C@@H](O)[C@@H]1OP(=O)([O-])[O-],CPD-11527,3,No
CC/C=C\C[C@@H]1C(=O)CC[C@@H]1CC(=O)CC(=O)SCCNC(=O)CCNC(=O)[C@H](O)C(C)(C)CO[P@@](=O)([O-])O[P@@](=O)([O-])OC[C@@H]1O[C@H](n2cnc3c(N)ncnc32)[C@@H](O)[C@@H]1OP(=O)([O-])[O-],CPD-11528,3,No
CC/C=C/C[C@@H]1C(=O)CC[C@H]1CC(=O)SCCNC(=O)CCNC(=O)[C@H](O)C(C)(C)CO[P@](=O)([O-])O[P@@](=O)([O-])OC[C@H]1O[C@H](n2cnc3c(N)ncnc32)[C@@H](O)[C@@H]1OP(=O)([O-])[O-],CPD-11529,3,No
C[C@H]1O[C@H](O[P@](=O)([O-])O[P@](=O)([O-])OC[C@@H]2O[C@@H](n3ccc(=O)[nH]c3=O)[C@H](O)[C@H]2O)[C@@H](O)[C@@H](O)C1=O,CPD-11540,0,No
O=C1c2c(O)cccc2[C@@H]([C@H]2O[C@@H](CO)[C@H](O)[C@H](O)[C@@H]2O)c2cc(CO)cc(O)c21,CPD-11590,2,No
O=c1c([O-])c(-c2ccc(O[C@@H]3O[C@H](CO)[C@H](O)[C@@H](O)[C@H]3O)c(O)c2)oc2cc(O)cc(O)c12,CPD-11685,1,No
COc1cc([C@H](O)CC(=O)SCCNC(=O)CCNC(=O)[C@@H](O)C(C)(C)CO[P@@](=O)([O-])O[P@](=O)([O-])OC[C@@H]2O[C@@H](n3cnc4c(N)ncnc43)[C@@H](O)[C@H]2OP(=O)([O-])[O-])ccc1O,CPD-11881,3,No
Oc1cc(O)c2c(c1)O[C@@H](c1ccc(O)c(O)c1)C[C@H]2O,CPD-11941,2,No
O=C1/C(=C/Oc2ccc(O)cc2)Oc2cc(O)ccc21,CPD-12038,2,No
CC(C)(CO[P@](=O)([O-])O[P@](=O)([O-])OC[C@H]1O[C@H](n2cnc3c(N)ncnc32)[C@@H](O)[C@@H]1OP(=O)([O-])[O-])[C@@H](O)C(=O)NCCC(=O)NCCSC(=O)c1ccccc1O,CPD-12112,3,No
C[C@H](CO)C(=O)SCCNC(=O)CCNC(=O)[C@H](O)C(C)(C)CO[P@](=O)([O-])O[P@@](=O)([O-])OC[C@@H]1O[C@@H](n2cnc3c(N)ncnc32)[C@H](O)[C@@H]1OP(=O)([O-])[O-],CPD-12173,3,No
COc1cc(/C=C/C(=O)CC(=O)SCCNC(=O)CCNC(=O)[C@H](O)C(C)(C)CO[P@](=O)([O-])O[P@@](=O)([O-])OC[C@@H]2O[C@H](n3cnc4c(N)ncnc43)[C@@H](O)[C@@H]2OP(=O)([O-])[O-])ccc1O,CPD-12180,3,No
CC(C)(CO[P@](=O)([O-])O[P@@](=O)([O-])OC[C@H]1O[C@H](n2cnc3c(N)ncnc32)[C@@H](O)[C@@H]1OP(=O)([O-])[O-])[C@H](O)C(=O)NCCC(=O)NCCSC(=O)C[C@@H](O)c1ccc(O)cc1,CPD-12199,3,No
O=C(CCc1ccc(O)cc1)c1c(O)cc([O-])cc1O[C@H]1O[C@@H](CO)[C@H](O)[C@@H](O)[C@@H]1O,CPD-12447,2,No
O=c1ccn([C@H]2O[C@H](CO[P@@](=O)([O-])O[P@@](=O)([O-])O[C@@H]3O[C@@H](CO)[C@@H](O)[C@H](O)[C@H]3O)[C@H](O)[C@H]2O)c(=O)[nH]1,CPD-12575,0,No
C[C@H]1O[C@H](O[P@@](=O)([O-])O[P@](=O)([O-])OC[C@@H]2O[C@@H](n3cnc4c(=O)[nH]c(N)nc43)[C@@H](O)[C@@H]2O)[C@H](O)[C@@H](O)[C@@H]1O,CPD-13118,0,No
COc1cc(/C=C/C(=O)SCCNC(=O)CCNC(=O)[C@@H](O)C(C)(C)CO[P@](=O)([O-])O[P@@](=O)([O-])OC[C@@H]2O[C@@H](n3cnc4c(N)ncnc43)[C@H](O)[C@H]2OP(=O)([O-])[O-])c(O)cc1O,CPD-13328,3,No
OC[C@H]1O[C@H](OCCc2ccc(O)cc2)[C@H](O)[C@@H](O)[C@H]1O,CPD-13354,2,No
Nc1ncnc2c1ncn2[C@@H]1O[C@@H](CO[P@](=O)([O-])O[Se](=O)(=O)O)[C@H](O)[C@H]1O,CPD-13713,0,No
CCCCCCCCCCCCCCCCCCC[C@H](O)CC(=O)SCCNC(=O)CCNC(=O)[C@H](O)C(C)(C)CO[P@@](=O)([O-])O[P@@](=O)([O-])OC[C@@H]1O[C@H](n2cnc3c(N)ncnc32)[C@@H](O)[C@@H]1OP(=O)([O-])[O-],CPD-14276,3,No
O=c1ccc2cc(O)c(O[C@@H]3O[C@@H](CO)[C@H](O)[C@@H](O)[C@@H]3O)cc2o1,CPD-14429,2,No
O=c1cc(O[C@@H]2O[C@H](CO)[C@@H](O)[C@@H](O)[C@@H]2O)c2cccc(O)c2o1,CPD-14431,1,No
O=c1oc2c(O)cccc2cc1O[C@H]1O[C@@H](CO)[C@H](O)[C@@H](O)[C@@H]1O,CPD-14434,2,No
O=c1ccc2cc(O[C@@H]3O[C@H](CO)[C@@H](O)[C@@H](O)[C@@H]3O)c(O)cc2o1,CPD-14461,2,No
CC(C)=CCC/C(C)=C/CO[C@@H]1O[C@@H](CO[C@@H]2OC[C@@H](O)[C@H](O)[C@H]2O)[C@@H](O)[C@H](O)[C@H]1O,CPD-14731,2,No
C=C[C@@](C)(CCC=C(C)C)O[C@H]1O[C@@H](CO[C@@H]2OC[C@@H](O)[C@@H](O)[C@H]2O)[C@H](O)[C@H](O)[C@H]1O,CPD-14732,2,No
O[C@H]1CO[C@H](OC[C@H]2O[C@@H](OCc3ccccc3)[C@H](O)[C@@H](O)[C@@H]2O)[C@H](O)[C@H]1O,CPD-14734,2,No
O[C@H]1CO[C@H](OC[C@H]2O[C@@H](OCCc3ccccc3)[C@H](O)[C@@H](O)[C@@H]2O)[C@@H](O)[C@H]1O,CPD-14735,2,No
OC[C@]1(O)CO[C@@H](OC[C@@H]2O[C@H](OCc3ccccc3)[C@H](O)[C@H](O)[C@@H]2O)[C@H]1O,CPD-14739,2,No
O=c1c(O[C@H]2O[C@@H](CO[C@@H]3O[C@@H](CO[C@@H]4O[C@@H](CO)[C@@H](O)[C@H](O)[C@@H]4O)[C@@H](O)[C@@H](O)[C@H]3O)[C@@H](O)[C@H](O)[C@H]2O)c(-c2ccc(O)c(O)c2)oc2cc(O)cc(O)c12,CPD-14821,1,No
O=c1c(O[C@H]2O[C@@H](CO[C@H]3O[C@H](CO[C@@H]4O[C@@H](CO[C@H]5O[C@@H](CO)[C@H](O)[C@H](O)[C@@H]5O)[C@H](O)[C@H](O)[C@@H]4O)[C@H](O)[C@H](O)[C@@H]3O)[C@H](O)[C@@H](O)[C@@H]2O)c(-c2ccc(O)c(O)c2)oc2cc(O)cc(O)c12,CPD-14822,1,No
O=c1cc(-c2ccc(O)cc2)oc2cc(O[C@@H]3O[C@@H](CO[C@H]4O[C@H](CO)[C@H](O)[C@@H](O)[C@@H]4O)[C@H](O)[C@@H](O)[C@@H]3O)cc(O)c12,CPD-14824,1,No
COc1cc(/C=C\C(O)=C\C(=O)/C=C/c2ccc(O[C@H]3O[C@H](CO[C@@H]4O[C@H](CO[C@H]5O[C@@H](CO)[C@H](O)[C@H](O)[C@H]5O)[C@H](O)[C@@H](O)[C@H]4O)[C@@H](O)[C@H](O)[C@H]3O)c(OC)c2)ccc1O,CPD-14835,2,No
COc1cc(/C=C/C(O)=C/C(=O)/C=C\c2ccc(O[C@@H]3O[C@@H](CO[C@@H]4O[C@H](CO[C@H]5O[C@@H](CO[C@H]6O[C@H](CO)[C@@H](O)[C@@H](O)[C@@H]6O)[C@@H](O)[C@H](O)[C@@H]5O)[C@@H](O)[C@H](O)[C@H]4O)[C@H](O)[C@H](O)[C@H]3O)c(OC)c2)ccc1O,CPD-14836,2,No
OC[C@@H]1O[C@@H](OC[C@H]2O[C@@H](Oc3cc4c(cc3[C@H]3OC[C@@H]5[C@@H](c6ccc7c(c6)OCO7)OC[C@H]35)OCO4)[C@H](O)[C@@H](O)[C@@H]2O)[C@H](O)[C@H](O)[C@@H]1O,CPD-14839,2,No
O=c1c(O[C@H]2O[C@H](CO)[C@H](O)[C@@H](O)[C@@H]2O)c(-c2cc(O)c(O)c(O)c2)oc2cc(O)cc(O)c12,CPD-14843,1,Yes
O=c1c([O-])c(-c2ccc(O)c(O)c2)oc2cc(O[C@H]3O[C@H](CO)[C@@H](O)[C@@H](O)[C@@H]3O)c(O)c(O)c12,CPD-14908,1,No
COc1cc(-c2oc3cc(O)cc(O)c3c(=O)c2O[C@H]2O[C@@H](CO)[C@@H](O)[C@H](O)[C@H]2O)ccc1O,CPD-14969,1,No
O=C(/C=C/c1ccc(O)cc1)OC[C@H]1O[C@@H](Oc2c(-c3ccc(O)cc3)oc3cc(O)cc(O)c3c2=O)[C@H](O)[C@H](O)[C@@H]1O,CPD-14976,1,No
COc1cc(/C=C/C(=O)OC[C@H]2O[C@@H](Oc3c(-c4ccc(O)cc4)oc4cc(O)cc(O)c4c3=O)[C@@H](O)[C@H](O)[C@H]2O)ccc1O,CPD-14977,1,No
O=C(/C=C\c1ccc(O)cc1)OC[C@@H]1O[C@H](Oc2c(-c3ccc(O)c(O)c3)oc3cc(O)cc(O)c3c2=O)[C@@H](O)[C@H](O)[C@H]1O,CPD-14978,1,No
COc1cc(/C=C\C(=O)OC[C@@H]2O[C@H](Oc3c(-c4ccc(O)c(O)c4)oc4cc(O)cc(O)c4c3=O)[C@@H](O)[C@H](O)[C@H]2O)ccc1O,CPD-14979,1,No
COc1cc(-c2oc3cc(O)cc(O)c3c(=O)c2O[C@@H]2O[C@H](COC(=O)/C=C/c3ccc(O)cc3)[C@@H](O)[C@H](O)[C@H]2O)ccc1O,CPD-14980,1,No
O=C(/C=C/c1ccc(O)cc1)O[C@@H]1[C@H](O)[C@@H](Oc2c(-c3ccc(O)cc3)oc3cc(O)cc(O)c3c2=O)O[C@@H](CO)[C@H]1O,CPD-14988,1,No
O=C(/C=C/c1ccc(O)cc1)O[C@@H]1[C@@H](O)[C@@H](CO)O[C@@H](Oc2c(-c3ccc(O)c(O)c3)oc3cc(O)cc(O)c3c2=O)[C@@H]1O,CPD-14989,1,No
COc1cc(-c2oc3cc(O)cc(O)c3c(=O)c2O[C@@H]2O[C@@H](CO)[C@@H](O)[C@H](OC(=O)/C=C/c3ccc(O)cc3)[C@@H]2O)ccc1O,CPD-14990,1,No
O=C(/C=C/c1ccc(O)cc1)O[C@@H]1[C@@H](O)[C@H](O)[C@@H](Oc2c(-c3ccc(O)cc3)oc3cc(O)cc(O)c3c2=O)O[C@@H]1CO,CPD-14991,1,No
O=C(/C=C/c1ccc(O)cc1)O[C@@H]1[C@@H](CO)O[C@@H](Oc2c(-c3ccc(O)c(O)c3)oc3cc(O)cc(O)c3c2=O)[C@@H](O)[C@H]1O,CPD-14992,1,No
[O-]c1cc(O)cc2[o+]c(-c3ccc(O)c(O)c3)c(O[C@H]3O[C@H](CO)[C@H](O)[C@@H](O)[C@@H]3O)cc12,CPD-14998,1,No
O=C(/C=C/c1ccc(O)cc1)OC[C@H]1O[C@@H](OC[C@@H]2O[C@@H](Oc3cc4c([O-])cc([O-])cc4[o+]c3-c3ccc(O)c(O)c3)[C@@H](O[C@H]3OC[C@H](O)[C@@H](O)[C@@H]3O)[C@H](O)[C@@H]2O)[C@@H](O)[C@@H](O)[C@@H]1O,CPD-15000,1,No
O=c1cc(-c2ccc(O)c(O)c2)oc2c([C@@H]3O[C@H](CO)[C@@H](O)[C@H](O)[C@H]3O)c([O-])cc(O)c12,CPD-15083,1,No
O=c1cc(-c2ccccc2)oc2c([C@H]3O[C@H](CO)[C@@H](O)[C@@H](O)[C@@H]3O)c(O)cc(O)c12,CPD-15084,1,No
O=c1cc(-c2ccccc2)oc2cc(O[C@H]3O[C@H](CO)[C@@H](O)[C@H](O)[C@H]3O)c(O)c(O)c12,CPD-15176,1,No
O=C(C[C@H](O)C(=O)[O-])OC[C@@H]1O[C@@H](Oc2cc3c([O-])cc(O)cc3[o+]c2-c2ccc(O)cc2)[C@H](O)[C@@H](O)[C@H]1O,CPD-15287,1,No
CCCCCC[C@@H](O)C/C=C\CCCCCCCC(=O)SCCNC(=O)CCNC(=O)[C@@H](O)C(C)(C)CO[P@@](=O)([O-])O[P@@](=O)([O-])OC[C@H]1O[C@@H](n2cnc3c(N)ncnc32)[C@H](O)[C@H]1OP(=O)([O-])[O-],CPD-15364,3,No
CCCCCC[C@H](O)C/C=C\CCCCCCCCCC(=O)SCCNC(=O)CCNC(=O)[C@H](O)C(C)(C)CO[P@@](=O)([O-])O[P@](=O)([O-])OC[C@@H]1O[C@@H](n2cnc3c(N)ncnc32)[C@H](O)[C@H]1OP(=O)([O-])[O-],CPD-15366,3,No
CCCCCC[C@@H](O)C/C=C\CCCCCCC[C@H](O)CC(=O)SCCNC(=O)CCNC(=O)[C@@H](O)C(C)(C)CO[P@@](=O)([O-])O[P@@](=O)([O-])OC[C@@H]1O[C@H](n2cnc3c(N)ncnc32)[C@@H](O)[C@@H]1OP(=O)([O-])[O-],CPD-15369,3,No
CCCCCC[C@@H](O)C/C=C\CCCCCCC/C=C\C(=O)SCCNC(=O)CCNC(=O)[C@H](O)C(C)(C)CO[P@@](=O)([O-])O[P@@](=O)([O-])OC[C@@H]1O[C@@H](n2cnc3c(N)ncnc32)[C@H](O)[C@H]1OP(=O)([O-])[O-],CPD-15370,3,No
COc1cc(/C=C/C(=O)OC[C@@H]2O[C@H](OC[C@@H]3O[C@@H](Oc4cc5c([O-])cc([O-])cc5[o+]c4-c4ccc(O)c(O)c4)[C@H](O[C@H]4OC[C@@H](O)[C@@H](O)[C@@H]4O)[C@@H](O)[C@@H]3O)[C@H](O)[C@@H](O)[C@H]2O)cc(OC)c1O,CPD-16528,1,No
COc1cc(/C=C/C(=O)OC[C@@H]2O[C@H](OC[C@H]3O[C@H](Oc4cc5c([O-])cc([O-])cc5[o+]c4-c4ccc(O)c(O)c4)[C@@H](O[C@@H]4OC[C@H](O)[C@@H](O)[C@H]4O)[C@H](O)[C@@H]3O)[C@H](O)[C@@H](O)[C@@H]2O)ccc1O,CPD-16529,1,No
O=C(O[C@@H]1Cc2c(O)cc(O)cc2O[C@H]1c1ccc(O)c(O)c1)c1cc(O)c(O)c(O)c1,CPD-16530,2,No
[O-]c1cc([O-])c2cc(O[C@@H]3O[C@@H](CO)[C@H](O)[C@H](O)[C@H]3O[C@H]3OC[C@H](O)[C@H](O)[C@@H]3O)c(-c3ccc(O)c(O)c3)[o+]c2c1,CPD-16535,1,No
COc1cc(/C=C\C(=O)O[C@@H]2[C@@H](O)[C@H](O)CO[C@@H]2O[C@H]2[C@H](Oc3cc4c(O[C@@H]5O[C@H](COC(=O)CC(=O)O)[C@@H](O)[C@H](O)[C@H]5O)cc(O)cc4[o+]c3-c3ccc(O)c(O)c3)O[C@H](COC(=O)/C=C/c3ccc(O)cc3)[C@@H](O)[C@@H]2O)cc(OC)c1O,CPD-16539,1,No
O=C(/C=C/c1ccc(O)cc1)OC[C@@H]1O[C@H](Oc2cc3c([O-])cc([O-])cc3[o+]c2-c2ccc(O)c(O)c2)[C@H](O)[C@@H](O)[C@@H]1O,CPD-16541,1,No
O=C(/C=C\c1ccc(O)c(O)c1)O[C@@H]1O[C@H](CO)[C@H](O)[C@@H](O)[C@@H]1O,CPD-16550,2,No
C[C@@H]1O[C@H](OC[C@H]2O[C@H](Oc3cc4c([O-])cc(O[C@@H]5O[C@@H](COC(=O)c6ccc(O)cc6)[C@H](O)[C@H](O)[C@H]5O)cc4[o+]c3-c3cc(O)c(O)c(O)c3)[C@H](O)[C@@H](O)[C@@H]2O)[C@@H](O)[C@H](O)[C@H]1O,CPD-16559,1,No
C[C@H]1O[C@@H](OC[C@@H]2O[C@@H](Oc3cc4c([O-])cc(O[C@@H]5O[C@H](COC(=O)c6ccc(O[C@@H]7O[C@H](CO)[C@@H](O)[C@H](O)[C@H]7O)cc6)[C@H](O)[C@@H](O)[C@@H]5O)cc4[o+]c3-c3cc(O)c(O)c(O)c3)[C@@H](O)[C@H](O)[C@H]2O)[C@@H](O)[C@@H](O)[C@@H]1O,CPD-16560,1,No
O=C(OC[C@H]1O[C@H](Oc2cc([O-])c3cc(O[C@@H]4O[C@H](CO)[C@@H](O)[C@@H](O)[C@@H]4O)c(-c4ccc(O)c(O)c4)[o+]c3c2)[C@@H](O)[C@@H](O)[C@H]1O)c1ccc(O)cc1,CPD-16602,1,No
O=C(OC[C@H]1O[C@H](Oc2cc([O-])c3cc(O[C@@H]4O[C@@H](CO)[C@@H](O)[C@H](O)[C@@H]4O)c(-c4ccc(O)c(O)c4)[o+]c3c2)[C@H](O)[C@H](O)[C@H]1O)c1ccc(O[C@H]2O[C@H](CO)[C@H](O)[C@@H](O)[C@@H]2O)cc1,CPD-16603,1,No
O=c1c([O-])c(-c2ccc(O)c(O)c2)oc2c(O)c(O[C@H]3O[C@H](CO)[C@@H](O)[C@@H](O)[C@@H]3O)cc(O)c12,CPD-16762,1,No
O=C1c2ccc(O)cc2O[C@@H]1[C@H](OO)c1ccc(O[C@@H]2O[C@@H](CO)[C@H](O)[C@H](O)[C@@H]2O)cc1,CPD-17478,2,No
O=C1c2ccc(O)cc2O[C@@H]1[C@@H](O)c1ccc(O[C@@H]2O[C@H](CO)[C@@H](O)[C@H](O)[C@@H]2O)cc1,CPD-17480,2,No
CCCCC[C@H](O)CCCCCC(=O)SCCNC(=O)CCNC(=O)[C@H](O)C(C)(C)CO[P@](=O)([O-])O[P@@](=O)([O-])OC[C@H]1O[C@H](n2cnc3c(N)ncnc32)[C@H](O)[C@H]1OP(=O)([O-])[O-],CPD-17638,3,Yes
COc1cc(/C=C\CO)ccc1O[C@@H]1O[C@@H](CO)[C@H](O)[C@@H](O)[C@@H]1O,CPD-1777,2,No
[O-]c1cc(O[C@@H]2O[C@H](CO)[C@@H](O)[C@@H](O)[C@@H]2O)c2cc(O[C@H]3O[C@@H](CO)[C@H](O)[C@@H](O)[C@@H]3O[C@H]3OC[C@@H](O)[C@@H](O)[C@H]3O)c(-c3ccc(O)cc3)[o+]c2c1,CPD-18093,1,No
[O-]c1cc(O[C@H]2O[C@H](CO)[C@@H](O)[C@H](O)[C@@H]2O)c2cc(O[C@@H]3O[C@H](CO)[C@@H](O)[C@H](O)[C@H]3O[C@H]3OC[C@@H](O)[C@@H](O)[C@@H]3O)c(-c3ccc(O)c(O)c3)[o+]c2c1,CPD-18094,1,No
OC[C@H]1O[C@@H](S/C(Cc2c[nH]c3ccccc23)=N/O)[C@H](O)[C@@H](O)[C@@H]1O,CPD-1862,2,No
O=S(=O)([O-])O/N=C(/Cc1cn(O)c2ccccc12)S[C@@H]1O[C@@H](CO)[C@H](O)[C@@H](O)[C@H]1O,CPD-19470,2,No
CCCCCCCC(=O)SCCNC(=O)CCNC(=O)[C@H](O)C(C)(C)CO[P@@](=O)([O-])O[P@@](=O)([O-])OC[C@@H]1O[C@@H](n2cnc3c(N)ncnc32)[C@H](O)[C@H]1OP(=O)([O-])[O-],CPD-196,3,No
O=C(CCc1ccc(O)cc1)c1c(O)cc(O)c([C@@H]2O[C@@H](CO)[C@@H](O)[C@@H](O)[C@@H]2O)c1O,CPD-20010,2,No
CC(C)(CO[P@](=O)([O-])O[P@@](=O)([O-])OC[C@H]1O[C@H](n2cnc3c(N)ncnc32)[C@@H](O)[C@H]1OP(=O)([O-])[O-])[C@@H](O)C(=O)NCCC(=O)NCCSC(=O)c1ccc(O)cc1,CPD-201,3,No
CC(C)(CO[P@@](=O)([O-])O[P@@](=O)([O-])OC[C@H]1O[C@H](n2cnc3c(N)ncnc32)[C@@H](O)[C@@H]1OP(=O)([O-])[O-])[C@H](O)C(=O)NCCC(=O)NCCSC(=O)c1cccc(O)c1,CPD-264,3,No
O=c1c(-c2ccc(O)cc2)coc2cc(O[C@@H]3O[C@@H](CO)[C@H](O)[C@H](O)[C@H]3O)cc(O)c12,CPD-3421,1,No
O=C([O-])CC(=O)OC[C@H]1O[C@@H](Oc2cc(O)c3c(=O)c(-c4ccc(O)cc4)coc3c2)[C@@H](O)[C@@H](O)[C@H]1O,CPD-3422,1,No
C/C(=C/CNc1ncnc2c1ncn2[C@H]1O[C@H](CO[P@@](=O)([O-])O[P@](=O)([O-])O[P@@](=O)([O-])O)[C@@H](O)[C@@H]1O)CO,CPD-4202,0,No
C/C(=C\CNc1ncnc2c1ncn2[C@H]1O[C@@H](CO)[C@@H](O)[C@@H]1O)CO,CPD-4208,0,No
C[C@H](CO)CCNc1ncnc2c1ncn2[C@H]1O[C@@H](CO)[C@@H](O)[C@H](O)[C@H]1O,CPD-4616,0,No
C/C(=C/CNc1ncnc2c1ncn2[C@@H]1O[C@@H](CO)[C@@H](O)[C@H](O)[C@H]1O)CO[C@@H]1O[C@@H](CO)[C@H](O)[C@@H](O)[C@H]1O,CPD-4622,0,No
O=C1c2c(O)cc([O-])cc2O[C@@H](c2ccc(O)c(O)c2)[C@@H]1O,CPD-474,2,No
C=C1C[C@]23C[C@@]1(O)CC[C@H]2[C@@]1(C)C[C@H](O)C[C@@](C)(C(=O)[O-])[C@H]1[C@H]3C(=O)[O-],CPD-477,2,No
CC(C)(CO[P@@](=O)([O-])O[P@@](=O)([O-])OC[C@@H]1O[C@@H](n2cnc3c(N)ncnc32)[C@H](O)[C@H]1OP(=O)([O-])[O-])[C@H](O)C(=O)NCCC(=O)NCCSC(=O)C[C@@H](O)c1ccccc1,CPD-513,3,No
C[C@@H]1O[C@H](Oc2cc(O)c3c(=O)c(O[C@@H]4O[C@H](CO)[C@@H](O)[C@H](O)[C@H]4O)c(-c4ccc(O)c(O)c4)oc3c2)[C@@H](O)[C@@H](O)[C@@H]1O,CPD-5521,1,No
CC(C)(CO[P@@](=O)([O-])O[P@](=O)([O-])OC[C@H]1O[C@H](n2cnc3c(N)ncnc32)[C@@H](O)[C@@H]1OP(=O)([O-])[O-])[C@@H](O)C(=O)NCCC(=O)NCCSC(=O)[C@@H](O)Cc1ccccc1,CPD-5922,3,No
C[C@@H](O)CC(=O)SCCNC(=O)CCNC(=O)[C@@H](O)C(C)(C)CO[P@@](=O)([O-])O[P@](=O)([O-])OC[C@@H]1O[C@@H](n2cnc3c(N)ncnc32)[C@@H](O)[C@@H]1OP(=O)([O-])[O-],CPD-650,3,No
COc1cc(/C=C/C(=O)/C=C(O)\C=C/c2ccc(O[C@H]3O[C@H](CO)[C@@H](O)[C@@H](O)[C@@H]3O)c(OC)c2)ccc1O[C@@H]1O[C@@H](CO)[C@@H](O)[C@H](O)[C@@H]1O,CPD-6623,2,No
COc1cc(/C=C/C(O)=C\C(=O)/C=C/c2ccc(O[C@@H]3O[C@@H](CO[C@H]4O[C@@H](CO)[C@H](O)[C@H](O)[C@H]4O)[C@H](O)[C@@H](O)[C@@H]3O)c(OC)c2)ccc1O,CPD-6624,2,No
COc1cc(/C=C/C(O)=C\C(=O)/C=C\c2ccc(O[C@H]3O[C@H](CO[C@H]4O[C@H](CO)[C@H](O)[C@@H](O)[C@@H]4O)[C@@H](O)[C@@H](O)[C@H]3O)c(OC)c2)ccc1O[C@H]1O[C@H](CO)[C@@H](O)[C@@H](O)[C@H]1O,CPD-6625,2,No
CC(C)(CO[P@@](=O)([O-])O[P@@](=O)([O-])OC[C@@H]1O[C@@H](n2cnc3c(N)ncnc32)[C@H](O)[C@H]1OP(=O)([O-])[O-])[C@H](O)C(=O)NCCC(=O)NCCSC(=O)CCC(=O)c1ccccc1C(=O)[O-],CPD-6972,3,No
O=C1C[C@H](c2ccc(O)c(O)c2)Oc2cc([O-])cc(O)c21,CPD-6994,2,No
COc1ccc([C@H]2CC(=O)c3c(O)cc(O[C@H]4O[C@H](CO)[C@H](O)[C@H](O)[C@H]4O)cc3O2)cc1O,CPD-7073,2,No
COc1ccc([C@@H]2CC(=O)c3c(O)cc(O[C@H]4O[C@H](CO)[C@@H](O)[C@H](O)[C@@H]4O[C@@H]4O[C@H](C)[C@@H](O)[C@H](O)[C@H]4O)cc3O2)cc1O,CPD-7074,2,No
COc1ccc([C@@H]2CC(=O)c3c(O)cc(O[C@@H]4O[C@H](CO[C@H]5O[C@H](C)[C@@H](O)[C@@H](O)[C@H]5O)[C@@H](O)[C@H](O)[C@H]4O)cc3O2)cc1O,CPD-7075,2,No
O=C1c2c(O)cc([O-])cc2O[C@H](c2cc(O)c(O)c(O)c2)[C@H]1O,CPD-7087,2,No
[O-]c1cc([O-])c2cc(O[C@@H]3O[C@H](CO)[C@H](O)[C@H](O)[C@H]3O)c(-c3cc(O)c(O)c(O)c3)[o+]c2c1,CPD-7117,1,No
O=C(/C=C/c1ccc(O)c(O)c1)OC[C@@H]1O[C@H](Oc2cc3c(O[C@H]4O[C@@H](CO)[C@@H](O)[C@@H](O)[C@H]4O)cc([O-])cc3[o+]c2-c2ccc(O)cc2)[C@@H](O)[C@H](O)[C@@H]1O,CPD-7140,1,No
C[C@@H]1O[C@@H](OC[C@H]2O[C@@H](Oc3cc4c([O-])cc(O)cc4[o+]c3-c3ccc(O)cc3)[C@H](O)[C@@H](O)[C@H]2O)[C@@H](O)[C@H](O)[C@H]1O,CPD-7144,1,No
C[C@H]1O[C@@H](OC[C@H]2O[C@@H](Oc3cc4c(O[C@@H]5O[C@H](CO)[C@@H](O)[C@@H](O)[C@@H]5O)cc([O-])cc4[o+]c3-c3ccc(O)cc3)[C@H](O)[C@@H](O)[C@@H]2O)[C@H](O)[C@H](O)[C@H]1O,CPD-7148,1,No
O=C([O-])CC(=O)OC[C@H]1O[C@@H](Oc2cc3c([O-])cc(O)cc3[o+]c2-c2ccc(O)cc2)[C@@H](O)[C@@H](O)[C@@H]1O,CPD-7149,1,No
O=c1c(O[C@H]2O[C@@H](CO)[C@H](O)[C@@H](O)[C@H]2O)c(-c2ccc(O)cc2)oc2cc([O-])cc(O)c12,CPD-7260,1,No
O=C(/C=C\c1ccc(O)cc1)OC[C@@H]1O[C@@H](Oc2cc3c([O-])cc([O-])cc3[o+]c2-c2ccc(O)cc2)[C@H](O)[C@@H](O)[C@@H]1O,CPD-7384,1,No
O=C([O-])CC(=O)OC[C@@H]1O[C@H](Oc2cc([O-])cc3[o+]c(-c4ccc(O)c(O)c4)c(O[C@H]4O[C@@H](COC(=O)/C=C\c5ccc(O)cc5)[C@H](O)[C@H](O)[C@H]4O)cc23)[C@@H](O)[C@H](O)[C@H]1O,CPD-7708,1,No
O=C(/C=C/c1ccc(O)cc1)OC[C@@H]1O[C@@H](Oc2cc3c(O[C@@H]4O[C@H](CO)[C@H](O)[C@H](O)[C@@H]4O)cc([O-])cc3[o+]c2-c2ccc(O)c(O)c2)[C@@H](O)[C@H](O)[C@H]1O,CPD-7714,1,No
O=C([O-])CC(=O)OC[C@H]1O[C@H](Oc2cc3c([O-])cc([O-])cc3[o+]c2-c2cc(O)c(O)c(O)c2)[C@H](O)[C@@H](O)[C@@H]1O,CPD-7862,1,No
O=C(/C=C/c1ccc(O)c(O)c1)OC[C@@H]1O[C@H](Oc2cc([O-])cc3[o+]c(-c4cc(O)c(O)c(O)c4)c(O[C@@H]4O[C@@H](CO)[C@H](O)[C@H](O)[C@@H]4O)cc23)[C@@H](O)[C@@H](O)[C@H]1O,CPD-7960,1,No
O=C(/C=C/c1ccc(O)c(O)c1)OC[C@@H]1O[C@@H](Oc2cc([O-])cc3[o+]c(-c4cc(O)c(O)c(O[C@H]5O[C@H](CO)[C@H](O)[C@@H](O)[C@@H]5O)c4)c(O[C@H]4O[C@H](CO)[C@@H](O)[C@H](O)[C@@H]4O)cc23)[C@H](O)[C@H](O)[C@H]1O,CPD-7963,1,No
O=C(/C=C\c1ccc(O)c(O)c1)OC[C@@H]1O[C@@H](Oc2cc(-c3[o+]c4cc([O-])cc(O[C@@H]5O[C@H](COC(=O)/C=C/c6ccc(O)c(O)c6)[C@@H](O)[C@@H](O)[C@H]5O)c4cc3O[C@H]3O[C@@H](CO)[C@H](O)[C@@H](O)[C@H]3O)cc(O)c2O)[C@@H](O)[C@@H](O)[C@H]1O,CPD-7965,1,No
O=c1c([O-])c(-c2ccc(O)c(O)c2)oc2cc(O[C@H]3O[C@@H](CO)[C@@H](O)[C@H](O)[C@H]3O)cc(O)c12,CPD-8006,1,No
O=c1c([O-])c(-c2ccc(O)cc2)oc2cc(O[C@@H]3O[C@@H](CO)[C@@H](O)[C@H](O)[C@H]3O)cc(O)c12,CPD-8007,1,No
C[C@@H]1O[C@H](Oc2c(-c3ccc(O)cc3)oc3cc(O[C@@H]4O[C@@H](CO)[C@H](O)[C@@H](O)[C@@H]4O)cc(O)c3c2=O)[C@@H](O)[C@H](O)[C@@H]1O,CPD-8012,1,No
C[C@H]1O[C@H](Oc2c(-c3ccc(O)c(O)c3)oc3cc([O-])cc(O)c3c2=O)[C@H](O)[C@H](O)[C@@H]1O,CPD-8013,1,No
OC[C@@H]1O[C@@](CO)(O[C@H]2O[C@@H](CO[C@@H]3O[C@H](CO[C@H]4O[C@@H](CO[C@@H]5O[C@H](CO[C@@H]6O[C@H](CO)[C@@H](O)[C@H](O)[C@@H]6O)[C@H](O)[C@H](O)[C@H]5O)[C@H](O)[C@@H](O)[C@@H]4O)[C@H](O)[C@@H](O)[C@H]3O)[C@@H](O)[C@H](O)[C@@H]2O)[C@H](O)[C@H]1O,CPD-8066,2,No
CC/C=C\C/C=C/C/C=C/CCCCCCCC(=O)OC[C@@H](CO[C@@H]1O[C@H](CO[C@@H]2O[C@H](CO)[C@@H](O)[C@H](O)[C@H]2O)[C@@H](O)[C@H](O)[C@H]1O)OC(=O)CCCCCCC/C=C/C/C=C/CCCCC,CPD-8084,2,No
CCCCCCCC/C=C/CCCCCCCC(=O)OC[C@H](CO[C@H]1O[C@H](CO[C@H]2O[C@H](CO)[C@@H](O)[C@@H](O)[C@@H]2O)[C@H](O)[C@@H](O)[C@@H]1O)OC(=O)CCCCCCCCCCCCCCC,CPD-8160,2,No
CCCCC/C=C/C/C=C/CCCCCCCC(=O)OC[C@H](CO[C@H]1O[C@H](CO[C@H]2O[C@H](CO)[C@@H](O)[C@@H](O)[C@@H]2O)[C@H](O)[C@@H](O)[C@@H]1O)OC(=O)CCCCCCCCCCCCCCC,CPD-8161,2,No
CC/C=C\C/C=C/C/C=C/CCCCCCCC(=O)OC[C@H](CO[C@H]1O[C@H](CO[C@@H]2O[C@@H](CO)[C@H](O)[C@H](O)[C@H]2O)[C@@H](O)[C@H](O)[C@H]1O)OC(=O)CCCCCCCCCCCCCCC,CPD-8162,2,No
CCCCCCCCCCCCCC/C=C\CCCC(=O)SCCNC(=O)CCNC(=O)[C@@H](O)C(C)(C)CO[P@](=O)([O-])O[P@@](=O)([O-])OC[C@@H]1O[C@@H](n2cnc3c(N)ncnc32)[C@H](O)[C@H]1OP(=O)([O-])[O-],CPD-8171,3,No
COc1cc(CCCO)ccc1O[C@H]1O[C@H](CO)[C@@H](O)[C@H](O)[C@H]1O,CPD-82,2,Yes
OC[C@@H]1O[C@@H](OC[C@H]2O[C@H](OC[C@@H]3O[C@@H](O[C@H]4[C@@H](O)[C@H](O)[C@@H](O)[C@@H](O)[C@@H]4O)[C@H](O)[C@@H](O)[C@H]3O)[C@@H](O)[C@@H](O)[C@@H]2O)[C@H](O)[C@H](O)[C@H]1O,CPD-8255,2,No
OC[C@H]1O[C@H](OC[C@@H]2O[C@H](OC[C@@H]3O[C@H](O[C@@H]4[C@@H](O)[C@H](O)[C@H](O)[C@H](O)[C@H]4O)[C@H](O)[C@@H](O)[C@H]3O)[C@@H](O)[C@H](O)[C@H]2O)[C@H](O)[C@H](O)[C@@H]1O,CPD-8258,2,No
O=C1/C(=C/c2ccc(O)c(O)c2)Oc2cc(O[C@H]3O[C@@H](CO)[C@H](O)[C@@H](O)[C@@H]3O)cc(O)c21,CPD-8634,2,No
O=C1/C(=C\c2cc(O)c(O)c(O)c2)Oc2cc(O[C@H]3O[C@H](CO)[C@H](O)[C@@H](O)[C@H]3O)cc(O)c21,CPD-8635,2,No
O=C([O-])C1=C/C(=C\C=[N+]2\c3cc(O)c(O[C@@H]4O[C@H](CO)[C@H](O)[C@@H](O)[C@@H]4O)cc3C[C@H]2C(=O)[O-])C[C@@H](C(=O)[O-])N1,CPD-8654,2,No
O=C([O-])[C@H]1Cc2cc(O[C@H]3O[C@@H](CO)[C@H](O)[C@@H](O)[C@@H]3O)c(O)cc2N1,CPD-8656,2,No
O=C([O-])[C@H]1O[C@@H](O[C@H]2[C@@H](Oc3cc4c(cc3O)N[C@@H](C(=O)[O-])C4)O[C@H](CO)[C@@H](O)[C@H]2O)[C@@H](O)[C@H](O)[C@H]1O,CPD-8657,2,No
CC(=C/C=C\C=C(C)\C=C/C=C(/C)C(=O)O[C@H]1O[C@H](CO[C@@H]2O[C@H](CO)[C@H](O)[C@H](O)[C@@H]2O)[C@H](O)[C@H](O)[C@H]1O)/C=C/C=C(\C)C(=O)[O-],CPD-8664,2,No
C/C(=C/C=C/C(C)=C/C=C/C=C(C)/C=C\C=C(\C)C(=O)O[C@H]1O[C@@H](CO)[C@@H](O)[C@H](O)[C@H]1O)C(=O)O[C@@H]1O[C@@H](CO[C@H]2O[C@@H](CO)[C@H](O)[C@@H](O)[C@H]2O)[C@H](O)[C@@H](O)[C@@H]1O,CPD-8665,2,No
CC(/C=C\C=C(\C)C(=O)O[C@@H]1O[C@H](CO[C@@H]2O[C@H](CO)[C@@H](O)[C@H](O)[C@H]2O)[C@H](O)[C@@H](O)[C@@H]1O)=C/C=C\C=C(C)\C=C/C=C(/C)C(=O)O[C@@H]1O[C@H](CO[C@@H]2O[C@H](CO)[C@H](O)[C@H](O)[C@H]2O)[C@@H](O)[C@H](O)[C@H]1O,CPD-8666,2,No
COc1cc(CC/N=C/C=C2/C=C(C(=O)[O-])N[C@H](C(=O)[O-])C2)ccc1O,CPD-8757,2,No
O=C(OC[C@@H]1O[C@@H](O)[C@@H](O)[C@@H](O)[C@H]1O)c1cc(O)c(O)c(O)c1,CPD-8948,2,No
CC(C)(CO[P@](=O)([O-])O[P@@](=O)([O-])OC[C@H]1O[C@H](n2cnc3c(N)ncnc32)[C@@H](O)[C@H]1OP(=O)([O-])[O-])[C@@H](O)C(=O)NCCC(=O)NCCSC(=O)C[C@@H]([NH3+])c1ccccc1,CPD-9207,3,No
CC(C)=CCC/C(=C/Cc1cc(O)ccc1O)CO,CPD-9320,2,No
C[N@@H+]1CCC[C@H]1CC(=O)CC(=O)SCCNC(=O)CCNC(=O)[C@H](O)C(C)(C)CO[P@](=O)([O-])O[P@@](=O)([O-])OC[C@@H]1O[C@@H](n2cnc3c(N)ncnc32)[C@H](O)[C@@H]1OP(=O)([O-])[O-],CPD-9772,3,No
CCCCCCCCCCCCCCCCCCCC(=O)SCCNC(=O)CCNC(=O)[C@H](O)C(C)(C)CO[P@@](=O)([O-])O[P@](=O)([O-])OC[C@@H]1O[C@H](n2cnc3c(N)ncnc32)[C@@H](O)[C@H]1OP(=O)([O-])[O-],CPD-9965,3,No
CCCCCC(=O)CC(=O)SCCNC(=O)CCNC(=O)[C@@H](O)C(C)(C)CO[P@](=O)([O-])O[P@@](=O)([O-])OC[C@H]1O[C@H](n2cnc3c(N)ncnc32)[C@@H](O)[C@@H]1OP(=O)([O-])[O-],CPD0-2106,3,No
C=C1C[C@]23C[C@@]1(O)CC[C@@H]2[C@@]12CC[C@H](O)[C@@](C)(C(=O)O1)[C@H]2[C@@H]3C(=O)[O-],CPD1F-139,2,No
O=c1c(O[C@@H]2O[C@@H](CO)[C@H](O)[C@H](O)[C@H]2O)c(-c2ccc(O)c(O)c2)oc2cc([O-])cc(O)c12,CPD1F-437,1,No
C[C@H]1O[C@@H](Oc2c(-c3ccc(O)cc3)oc3cc([O-])cc(O)c3c2=O)[C@@H](O)[C@@H](O)[C@H]1O,CPD1F-461,1,No
C[C@H]1O[C@@H](Oc2cc(O)c3c(=O)c(O[C@@H]4O[C@H](C)[C@@H](O)[C@@H](O)[C@H]4O)c(-c4ccc(O)cc4)oc3c2)[C@@H](O)[C@@H](O)[C@@H]1O,CPD1F-462,1,No
[O-]c1cc([O-])c2cc(O[C@H]3O[C@H](CO)[C@H](O)[C@@H](O)[C@@H]3O)c(-c3ccc(O)c(O)c3)[o+]c2c1,CPD1F-766,1,No
CC(C)[C@@H](C)[C@H](O[C@H]1O[C@@H](CO)[C@H](O)[C@@H](O)[C@@H]1O)[C@@H](O)[C@H](C)[C@H]1CC[C@@H]2[C@H]3COC(=O)[C@@H]4C[C@@H](O)[C@H](O)C[C@]4(C)[C@H]3CC[C@]12C,CPDQT-523,2,No
C/C=C\C(=O)SCCNC(=O)CCNC(=O)[C@H](O)C(C)(C)CO[P@](=O)([O-])O[P@](=O)([O-])OC[C@H]1O[C@@H](n2cnc3c(N)ncnc32)[C@H](O)[C@@H]1OP(=O)([O-])[O-],CROTONYL-COA,3,No
O=c1ccc2ccc(O[C@H]3O[C@@H](CO)[C@@H](O)[C@H](O)[C@@H]3O)c(O)c2o1,DAPHNIN,2,No
Nc1ncnc2c1ncn2[C@H]1O[C@H](CO[P@@](=O)([O-])O[P@](=O)([O-])OC[C@@H]2O[C@@H]([n+]3cccc(C(=O)[O-])c3)[C@H](O)[C@@H]2O)[C@@H](O)[C@@H]1O,DEAMIDO-NAD,0,No
CC(C)(CO[P@@](=O)([O-])O[P@@](=O)([O-])OC[C@H]1O[C@H](n2cnc3c(N)ncnc32)[C@@H](O)[C@H]1O)[C@H](O)C(=O)NCCC(=O)NCCS,DEPHOSPHO-COA,3,No
Cc1cn([C@H]2C[C@@H](O)[C@H](CO[P@@](=O)([O-])O[P@](=O)([O-])O[C@H]3O[C@H](CO)[C@@H](O)[C@@H](O)[C@@H]3O)O2)c(=O)[nH]c1=O,DTDP-D-GLUCOSE,0,No
Cc1cn([C@@H]2C[C@H](O)[C@@H](CO[P@](=O)([O-])O[P@@](=O)([O-])O[C@H]3O[C@H](C)C(=O)[C@H](O)[C@@H]3O)O2)c(=O)[nH]c1=O,DTDP-DEOH-DEOXY-GLUCOSE,0,No
Cc1cn([C@H]2C[C@@H](O)[C@@H](CO[P@@](=O)([O-])O[P@@](=O)([O-])O[C@H]3O[C@H](C)[C@@H](O)[C@@H](O)[C@H]3O)O2)c(=O)[nH]c1=O,DTDP-RHAMNOSE,0,No
Cc1cc2nc3c(=O)[n-]c(=O)nc-3n(C[C@H](O)[C@@H](O)[C@H](O)CO[P@@](=O)([O-])O[P@](=O)([O-])OC[C@@H]3O[C@@H](n4cnc5c(N)ncnc54)[C@H](O)[C@H]3O)c2cc1C,FAD,0,No
COc1cc(/C=C/C(=O)SCCNC(=O)CCNC(=O)[C@H](O)C(C)(C)CO[P@@](=O)([O-])O[P@@](=O)([O-])OC[C@@H]2O[C@H](n3cnc4c(N)ncnc43)[C@H](O)[C@H]2OP(=O)([O-])[O-])ccc1O,FERULOYL-COA,3,No
C[C@@H]1O[C@@H](O[P@](=O)([O-])O[P@@](=O)([O-])OC[C@@H]2O[C@H](n3cnc4c(=O)[nH]c(N)nc43)[C@@H](O)[C@@H]2O)[C@H](O)[C@H](O)C1=O,GDP-4-DEHYDRO-6-DEOXY-D-MANNOSE,0,No
Nc1nc2c(ncn2[C@H]2O[C@H](CO[P@](=O)([O-])O[P@@](=O)([O-])O[C@@H]3O[C@H](CO)[C@@H](O)[C@H](O)[C@@H]3O)[C@H](O)[C@@H]2O)c(=O)[nH]1,GDP-L-GALACTOSE,0,No
Nc1nc2c(ncn2[C@H]2O[C@H](CO[P@](=O)([O-])O[P@@](=O)([O-])O[C@@H]3O[C@H](CO)[C@@H](O)[C@H](O)[C@@H]3O)[C@H](O)[C@@H]2O)c(=O)[nH]1,GDP-MANNOSE,0,No
C=C1C[C@@]23C[C@]1(O)CC[C@@H]2[C@]12C=C[C@@H](O)[C@](C)(C(=O)O1)[C@@H]2[C@H]3C(=O)[O-],GIBBERELLIN,2,No
O=C(Cc1c[nH]c2ccccc12)O[C@H]1[C@@H](O[C@@H]2OC[C@H](O)[C@@H](O)[C@H]2O)[C@@H](O)[C@@H](O)[C@@H](O)[C@@H]1O,INDOL-YLACETYL-MYO-INOSITOL-ARABINOSIDE,2,No
CC(C)CC(=O)SCCNC(=O)CCNC(=O)[C@H](O)C(C)(C)CO[P@](=O)([O-])O[P@](=O)([O-])OC[C@H]1O[C@H](n2cnc3c(N)ncnc32)[C@@H](O)[C@H]1OP(=O)([O-])[O-],ISOVALERYL-COA,3,No
O=C([O-])[C@H]1O[C@H](Oc2cc(O)c3c(=O)cc(-c4ccc(O)c(O)c4)oc3c2)[C@@H](O)[C@H](O)[C@H]1O,LUTEOLIN-7-O-BETA-D-GLUCURONIDE,1,No
C[C@H]1O[C@@H](O[C@H]2[C@H](Oc3cc(O)c4c(=O)cc(-c5ccc(O)c(O)c5)oc4c3)O[C@H](CO)[C@@H](O)[C@@H]2O)[C@@H](O)[C@H](O)[C@@H]1O,LUTEOLIN-7-O-NEOHESPERIDOSIDE,1,No
CC(C)(CO[P@](=O)([O-])O[P@](=O)([O-])OC[C@@H]1O[C@@H](n2cnc3c(N)ncnc32)[C@H](O)[C@H]1OP(=O)([O-])[O-])[C@@H](O)C(=O)NCCC(=O)NCCSC(=O)CC(=O)[O-],MALONYL-COA,3,No
C=C(C)C(=O)SCCNC(=O)CCNC(=O)[C@@H](O)C(C)(C)CO[P@](=O)([O-])O[P@](=O)([O-])OC[C@H]1O[C@H](n2cnc3c(N)ncnc32)[C@@H](O)[C@@H]1OP(=O)([O-])[O-],METHACRYLYL-COA,3,No
CNc1ccccc1C(=O)SCCNC(=O)CCNC(=O)[C@@H](O)C(C)(C)CO[P@@](=O)([O-])O[P@](=O)([O-])OC[C@H]1O[C@H](n2cnc3c(N)ncnc32)[C@@H](O)[C@H]1OP(=O)([O-])[O-],N-METHYLANTHRANILOYL-COA,3,No
NC(=O)c1ccc[n+]([C@@H]2O[C@@H](CO[P@@](=O)([O-])O[P@](=O)([O-])OC[C@H]3O[C@H](n4cnc5c(N)ncnc54)[C@@H](O)[C@@H]3O)[C@@H](O)[C@H]2O)c1,NAD,0,No
NC(=O)C1=CN([C@@H]2O[C@@H](CO[P@@](=O)([O-])O[P@](=O)([O-])OC[C@@H]3O[C@H](n4cnc5c(N)ncnc54)[C@@H](O)[C@H]3O)[C@H](O)[C@H]2O)C=CC1,NADH,3,No
NC(=O)c1ccc[n+]([C@H]2O[C@H](CO[P@@](=O)([O-])O[P@](=O)([O-])OC[C@@H]3O[C@@H](n4cnc5c(N)ncnc54)[C@H](OP(=O)([O-])[O-])[C@H]3O)[C@@H](O)[C@@H]2O)c1,NADP,0,No
NC(=O)C1=CN([C@H]2O[C@H](CO[P@@](=O)([O-])O[P@](=O)([O-])OC[C@H]3O[C@H](n4cnc5c(N)ncnc54)[C@@H](OP(=O)([O-])[O-])[C@@H]3O)[C@@H](O)[C@H]2O)C=CC1,NADPH,3,No
O=C1C[C@H](c2ccc(O)cc2)Oc2cc(O[C@@H]3O[C@H](CO)[C@@H](O)[C@@H](O)[C@@H]3O)cc(O)c21,NARINGENIN-7-O-BETA-D-GLUCOSIDE,2,No
CCCCCCCC/C=C\CCCCCCCC(=O)SCCNC(=O)CCNC(=O)[C@H](O)C(C)(C)CO[P@](=O)([O-])O[P@](=O)([O-])OC[C@H]1O[C@H](n2cnc3c(N)ncnc32)[C@@H](O)[C@H]1OP(=O)([O-])[O-],OLEOYL-COA,3,No
CC(C)(CO[P@](=O)([O-])O[P@](=O)([O-])OC[C@@H]1O[C@@H](n2cnc3c(N)ncnc32)[C@H](O)[C@H]1OP(=O)([O-])[O-])[C@H](O)C(=O)NCCC(=O)NCCSC(=O)/C=C/c1ccc(O)cc1,P-COUMAROYL-COA,3,No
O=C(CCc1ccc(O)cc1)c1c(O)cc(O)cc1O,PHLORETIN,2,No
N=c1c2ncn([C@@H]3O[C@H](COP(=O)([O-])[O-])[C@@H](O)[C@H]3O)c2ncn1[C@@H]1O[C@@H](COP(=O)([O-])[O-])[C@@H](O)[C@@H]1O,PHOSPHORIBOSYL-AMP,0,No
N=c1c2ncn([C@@H]3O[C@H](CO[P@](=O)([O-])O[P@](=O)([O-])O[P@@](=O)([O-])O)[C@@H](O)[C@H]3O)c2ncn1[C@@H]1O[C@@H](COP(=O)([O-])[O-])[C@H](O)[C@@H]1O,PHOSPHORIBOSYL-ATP,0,No
NC(=O)c1ncn([C@@H]2O[C@H](COP(=O)([O-])[O-])[C@@H](O)[C@@H]2O)c1/N=C/N[C@H]1O[C@H](COP(=O)([O-])[O-])[C@@H](O)[C@@H]1O,PHOSPHORIBOSYL-FORMIMINO-AICAR-P,0,No
NC(=O)c1ncn([C@@H]2O[C@H](COP(=O)([O-])[O-])[C@@H](O)[C@@H]2O)c1N/C=N/CC(=O)[C@@H](O)[C@H](O)COP(=O)([O-])[O-],PHOSPHORIBULOSYL-FORMIMINO-AICAR-P,0,No
N#C[C@H](O[C@H]1O[C@@H](CO[C@@H]2OC[C@H](O)[C@@H](O)[C@@H]2O)[C@@H](O)[C@@H](O)[C@@H]1O)c1ccccc1,R-VICIANIN,2,No
COc1cc(/C=C\C(=O)SCCNC(=O)CCNC(=O)[C@H](O)C(C)(C)CO[P@](=O)([O-])O[P@@](=O)([O-])OC[C@@H]2O[C@@H](n3cnc4c(N)ncnc43)[C@H](O)[C@H]2OP(=O)([O-])[O-])cc(OC)c1O,SINAPOYL-COA,3,No
CC(C)(CO[P@](=O)([O-])O[P@@](=O)([O-])OC[C@H]1O[C@H](n2cnc3c(N)ncnc32)[C@@H](O)[C@@H]1OP(=O)([O-])[O-])[C@H](O)C(=O)NCCC(=O)NCCSC(=O)CCC(=O)[O-],SUC-COA,3,No
C/C(=C\C(=O)SCCNC(=O)CCNC(=O)[C@@H](O)C(C)(C)CO[P@@](=O)([O-])O[P@@](=O)([O-])OC[C@H]1O[C@H](n2cnc3c(N)ncnc32)[C@@H](O)[C@@H]1OP(=O)([O-])[O-])CC(=O)[O-],TRANS-3-METHYL-GLUTACONYL-COA,3,No
O=c1ccn([C@@H]2O[C@@H](CO[P@](=O)([O-])O[P@](=O)([O-])O[C@@H]3OC[C@@](O)(CO)[C@H]3O)[C@H](O)[C@H]2O)c(=O)[nH]1,UDP-APIOSE,0,No
O=c1ccn([C@H]2O[C@H](CO[P@](=O)([O-])O[P@](=O)([O-])O[C@@H]3OC[C@H](O)[C@H](O)[C@@H]3O)[C@H](O)[C@@H]2O)c(=O)[nH]1,UDP-D-XYLOSE,0,No
O=C([O-])[C@H]1O[C@@H](O[P@@](=O)([O-])O[P@](=O)([O-])OC[C@@H]2O[C@@H](n3ccc(=O)[nH]c3=O)[C@H](O)[C@@H]2O)[C@H](O)[C@@H](O)[C@@H]1O,UDP-GLUCURONATE,0,No
CCCCCCCCCCC[C@@H](O)CC(=O)O[C@H]1[C@H](O)[C@@H](CO)O[C@@H](O[P@](=O)([O-])O[P@@](=O)([O-])OC[C@H]2O[C@H](n3ccc(=O)[nH]c3=O)[C@H](O)[C@@H]2O)[C@@H]1[NH3+],UDP-OHMYR-GLUCOSAMINE,0,No
O=c1ccn([C@H]2O[C@H](CO[P@@](=O)([O-])O[P@@](=O)([O-])O[C@H]3O[C@H](CS(=O)(=O)[O-])[C@@H](O)[C@H](O)[C@@H]3O)[C@@H](O)[C@@H]2O)c(=O)[nH]1,UDP-SULFOQUINOVOSE,0,No
O=c1cc(-c2ccc(O)cc2)oc2c([C@H]3O[C@@H](CO)[C@H](O)[C@H](O)[C@@H]3O)c([O-])cc(O)c12,VITEXIN,1,No
