Compound;Smiles;rmsd
UDP-D-XYLOSE;[O-][P@](=O)(O[C@@H]1OC[C@H](O)[C@H](O)[C@@H]1O)O[P@]([O-])(=O)OC[C@H]1O[C@@H]([C@@H](O)[C@H]1O)N1C=CC(=O)NC1=O;0.184604228
CROTONYL-COA;C/C=C\C(=O)SCCNC(=O)CCNC(=O)[C@H](O)C(C)(C)CO[P@@]([O-])(=O)O[P@@]([O-])(=O)OC[C@H]1O[C@H]([C@H](O)[C@@H]1OP([O-])([O-])=O)[n]1c[n]c2c(N)[n]c[n]c12;0.410913795
CPD-7144;C[C@@H]1O[C@@H](OC[C@H]2O[C@@H](Oc3cc4c([O-])cc(O)cc4[o+]c3-c3ccc(O)cc3)[C@H](O)[C@@H](O)[C@H]2O)[C@@H](O)[C@H](O)[C@H]1O;0.172213256
BACCATIN-III;CC1(C)C2[C@@H](OC(C)=O)C(=O)[C@@]3(C)[C@@H]([C@@H](OC(=O)c4ccccc4)[C@]1(O)C[C@@H](O)C=2C)[C@@]1(CO[C@@H]1C[C@@H]3O)OC(C)=O;0.239387944
CPD-15364;CCCCCC[C@@H](O)C/C=C\CCCCCCCC(=O)SCCNC(=O)CCNC(=O)[C@@H](O)C(C)(C)CO[P@]([O-])(=O)O[P@]([O-])(=O)OC[C@H]1O[C@H]([C@H](O)[C@H]1OP([O-])([O-])=O)[n]1c[n]c2c(N)[n]c[n]c12;0.130527437
CPD-8634;OC[C@@H]1O[C@H](Oc2cc(O)c3C(=O)/C(=C/c4cc(O)c(O)cc4)/Oc3c2)[C@@H](O)[C@H](O)[C@H]1O;0.10932219
CPD-20015;[O-]c1cc2O[C@](O)(CC(=O)c2c(O)c1[C@@H]1O[C@@H](CO)[C@H](O)[C@H](O)[C@H]1O)c1ccc(O)cc1;0.106491759
CPD-14978;O[C@H]1[C@H](O)[C@H](O[C@@H](COC(=O)/C=C\c2ccc(O)cc2)[C@@H]1O)OC1=C(Oc2cc(O)cc(O)c2C1=O)c1cc(O)c(O)cc1;0.097097263
SUCROSE-6P;[O-]P([O-])(=O)OC[C@H]1O[C@](CO)(O[C@@H]2O[C@H](CO)[C@@H](O)[C@@H](O)[C@@H]2O)[C@H](O)[C@H]1O;0.273225904
CPD-9441;CC(C)=CC[C@@H](Cc1c2O[C@@H](CC(=O)c2c(O)cc1O)c1ccc(O)cc1O)C(C)=C;0.334498078
LUTEOLIN-7-O-BETA-D-GLUCURONIDE;[O-]C(=O)[C@H]1O[C@H](Oc2cc(O)c3c(c2)OC(=CC3=O)c2cc(O)c(O)cc2)[C@@H](O)[C@H](O)[C@H]1O;0.146638006
CPD-14998;[O-]c1cc(O)cc2[o+]c(c(cc21)O[C@H]1O[C@H](CO)[C@H](O)[C@@H](O)[C@@H]1O)-c1cc(O)c(O)cc1;0.205809027
NARINGENIN-7-O-BETA-D-GLUCOSIDE;OC[C@H]1O[C@@H](Oc2cc(O)c3C(=O)C[C@@H](Oc3c2)c2ccc(O)cc2)[C@@H](O)[C@H](O)[C@@H]1O;0.121431641
CPD-15012;[O-]c1cc(O)cc2[o+]c(c(cc21)O[C@H]1O[C@@H](CO)[C@@H](O)[C@H](O)[C@@H]1O[C@@H]1OC[C@H](O)[C@H](O)[C@H]1O)-c1cc(O)c(O)cc1;0.089192487
CPD-15087;[O-]c1cc2OC(=CC(=O)c2c(O)c1[C@@H]1O[C@H](CO)[C@@H](O)[C@@H](O)[C@@H]1O)c1ccccc1;0.374521047
CPD-16531;Oc1cc2O[C@@H]([C@H](Cc2c(O)c1)OC(=O)c1cc(O)c(O)c(O)c1)c1cc(O)c(O)c(O)c1;0.088677846
CPD-6972;CC(C)(CO[P@]([O-])(=O)O[P@]([O-])(=O)OC[C@@H]1O[C@H]([C@H](O)[C@H]1OP([O-])([O-])=O)[n]1c[n]c2c(N)[n]c[n]c12)[C@H](O)C(=O)NCCC(=O)NCCSC(=O)CCC(=O)c1ccccc1C([O-])=O;0.175263137
CPD-4208;C/C(/CO)=C\CNc1[n]c[n]c2c1[n]c[n]2[C@H]1O[C@@H](CO)[C@@H](O)[C@@H]1O;0.233519733
CPD-650;C[C@@H](O)CC(=O)SCCNC(=O)CCNC(=O)[C@@H](O)C(C)(C)CO[P@]([O-])(=O)O[P@@]([O-])(=O)OC[C@@H]1O[C@H]([C@@H](O)[C@@H]1OP([O-])([O-])=O)[n]1c[n]c2c(N)[n]c[n]c12;0.333588272
CPD-16541;[O-]c1cc2[o+]c(c(cc2c([O-])c1)O[C@H]1O[C@@H](COC(=O)/C=C/c2ccc(O)cc2)[C@@H](O)[C@H](O)[C@H]1O)-c1cc(O)c(O)cc1;0.189456582
CPD-14821;OC[C@@H]1O[C@@H](OC[C@@H]2O[C@@H](OC[C@@H]3O[C@H](OC4C(=O)c5c(cc(O)cc5O)OC=4c4cc(O)c(O)cc4)[C@H](O)[C@@H](O)[C@@H]3O)[C@H](O)[C@H](O)[C@@H]2O)[C@@H](O)[C@@H](O)[C@@H]1O;0.237328112
CPD-6994;[O-]c1cc2O[C@H](CC(=O)c2c(O)c1)c1cc(O)c(O)cc1;0.411204606
CPD-15576;CC1(C)C[C@H]2C3=CC[C@@H]4[C@@]5(C)CC[C@H](O[C@H]6O[C@H]([C@H](O)[C@@H](O)[C@@H]6O[C@H]6O[C@@H](CO)[C@H](O)[C@H](O)[C@H]6O)C([O-])=O)C(C)(C)[C@H]5CC[C@@]4(C)[C@]3(C)CC[C@]2(CC1)C(=O)O[C@@H]1O[C@H](CO)[C@@H](O)[C@@H](O)[C@@H]1O;0.222542644
CPD-4613;C/C(/CO)=C/CNc1[n]c[n]c2c1[n]c[n]2[C@@H]1O[C@@H](CO)[C@H](O)[C@@H](O)[C@@H]1O;0.103659019
CPD-8048;CO[C@H]1[C@@H](O[C@@H]2O[C@H](CO)[C@@H](O)[C@@H](O)[C@@H]2O)[C@@H](O)[C@H](O)[C@@H](O)[C@H]1O;0.250999361
CPD-14596;CC[C@](C)(C#N)O[C@@H]1O[C@H](CO[C@@H]2O[C@H](CO)[C@@H](O)[C@H](O)[C@H]2O)[C@@H](O)[C@@H](O)[C@H]1O;0.066775195
CPD-8757;COc1cc(CC/N=C/C=C2\C[C@H](NC(=C\2)C([O-])=O)C([O-])=O)ccc1O;0.447533786
N-METHYLANTHRANILOYL-COA;CNc1ccccc1C(=O)SCCNC(=O)CCNC(=O)[C@@H](O)C(C)(C)CO[P@]([O-])(=O)O[P@@]([O-])(=O)OC[C@H]1O[C@@H]([C@@H](O)[C@H]1OP([O-])([O-])=O)[n]1c[n]c2c(N)[n]c[n]c12;0.060828507
CPD-6625;COc1cc(/C=C/C(/O)=C\C(=O)/C=C\c2cc(OC)c(cc2)O[C@H]2O[C@H](CO[C@H]3O[C@H](CO)[C@H](O)[C@@H](O)[C@@H]3O)[C@@H](O)[C@@H](O)[C@H]2O)ccc1O[C@H]1O[C@H](CO)[C@@H](O)[C@@H](O)[C@H]1O;0.214784846
CPD-17371;CC(C)(CO[P@@]([O-])(=O)O[P@@]([O-])(=O)OC[C@@H]1O[C@H]([C@H](O)[C@@H]1OP([O-])([O-])=O)[n]1c[n]c2c(N)[n]c[n]c12)[C@H](O)C(=O)NCCC(=O)NCCSC(=O)CCCCCCC/C=C\C/C=C/CCCCCO;0.175325796
CPD-14504;C[C@@]12CCC[C@@](C)([C@H]1CC[C@]13CC(=C)[C@](C1)(CC[C@@H]23)O[C@@H]1O[C@H](CO)[C@@H](O)[C@@H](O)[C@@H]1O[C@H]1O[C@H](CO)[C@H](O)[C@@H](O)[C@@H]1O)C(=O)O[C@H]1O[C@H](CO)[C@@H](O)[C@H](O)[C@H]1O;0.139785454
CPD-15023;C[C@@H]1O[C@H](Oc2cc(O)c3C(=O)C(O[C@H]4O[C@H](CO)[C@@H](O)[C@@H](O)[C@@H]4O[C@H]4O[C@@H](CO)[C@@H](O)[C@@H](O)[C@@H]4O)=C(Oc3c2)c2ccc(O)cc2)[C@H](O)[C@H](O)[C@H]1O;0.115116723
PALMITYL-COA;CCCCCCCCCCCCCCCC(=O)SCCNC(=O)CCNC(=O)[C@H](O)C(C)(C)CO[P@@]([O-])(=O)O[P@]([O-])(=O)OC[C@@H]1O[C@H]([C@H](O)[C@H]1OP([O-])([O-])=O)[n]1c[n]c2c(N)[n]c[n]c12;0.115108766
CPD-9677;COc1cc2[C@H]3[C@@H](COc2cc1OC)Oc1c(ccc2O[C@@H](Cc21)C(=C)CO[C@H]1O[C@@H](CO)[C@H](O)[C@@H](O)[C@H]1O)[C@@H]3O;0.423502058
CPDQT-418;CSCCCCCCC/C(=N\O)/S[C@@H]1O[C@@H](CO)[C@@H](O)[C@H](O)[C@H]1O;0.349248201
VESTITONE;COc1cc(O)c(cc1)[C@H]1COc2cc(O)ccc2C1=O;0.411052793
CPD1F-462;C[C@H]1O[C@@H](Oc2cc(O)c3C(=O)C(O[C@@H]4O[C@H](C)[C@@H](O)[C@@H](O)[C@H]4O)=C(Oc3c2)c2ccc(O)cc2)[C@@H](O)[C@@H](O)[C@@H]1O;0.152999014
CPD-13713;Nc1[n]c[n]c2c1[n]c[n]2[C@@H]1O[C@@H](CO[P@@]([O-])(=O)O[Se](O)(=O)=O)[C@H](O)[C@H]1O;0.195289209
CPD-8161;CCCCC/C=C/C/C=C/CCCCCCCC(=O)OC[C@H](CO[C@H]1O[C@H](CO[C@H]2O[C@H](CO)[C@@H](O)[C@@H](O)[C@@H]2O)[C@H](O)[C@@H](O)[C@@H]1O)OC(=O)CCCCCCCCCCCCCCC;0.352130204
CPD-18094;[O-]c1cc2[o+]c(c(cc2c(c1)O[C@H]1O[C@H](CO)[C@@H](O)[C@H](O)[C@@H]1O)O[C@@H]1O[C@H](CO)[C@@H](O)[C@H](O)[C@H]1O[C@H]1OC[C@@H](O)[C@@H](O)[C@@H]1O)-c1cc(O)c(O)cc1;0.176624104
CPD-14461;Oc1cc2OC(=O)C=Cc2cc1O[C@@H]1O[C@H](CO)[C@@H](O)[C@@H](O)[C@@H]1O;0.101306692
D-SEDOHEPTULOSE-7-P;[O-]P([O-])(=O)OC[C@H](O)[C@H](O)[C@H](O)[C@H](O)C(=O)CO;0.366714865
CPD-503;CC(C)(CO[P@@]([O-])(=O)O[P@@]([O-])(=O)OC[C@H]1O[C@H]([C@H](O)[C@@H]1OP([O-])([O-])=O)[n]1c[n]c2c(N)[n]c[n]c12)[C@@H](O)C(=O)NCCC(=O)NCCSC(=O)CCc1ccccc1;0.23743251
CPD-11526;CC/C=C/C[C@@H]1[C@@H](C/C=C\C(=O)SCCNC(=O)CCNC(=O)[C@@H](O)C(C)(C)CO[P@]([O-])(=O)O[P@@]([O-])(=O)OC[C@H]2O[C@@H]([C@@H](O)[C@H]2OP([O-])([O-])=O)[n]2c[n]c3c(N)[n]c[n]c23)CCC1=O;0.195311517
CPD-10501;COc1cc(ccc1O)-c1[o+]c2cc(O)cc(O)c2cc1O[C@@H]1O[C@H](CO)[C@@H](O)[C@@H](O)[C@@H]1O;0.151890576
CPD-16530;Oc1c(O)cc(cc1O)C(=O)O[C@@H]1Cc2c(cc(O)cc2O)O[C@H]1c1ccc(O)c(O)c1;0.168168962
CPD-16603;[O-]c1cc(cc2[o+]c(c(cc21)O[C@@H]1O[C@@H](CO)[C@@H](O)[C@H](O)[C@@H]1O)-c1cc(O)c(O)cc1)O[C@H]1O[C@H](COC(=O)c2ccc(cc2)O[C@H]2O[C@H](CO)[C@H](O)[C@@H](O)[C@@H]2O)[C@H](O)[C@@H](O)[C@H]1O;0.377618849
UDP-APIOSE;[O-][P@](=O)(O[C@@H]1OC[C@@](O)(CO)[C@H]1O)O[P@]([O-])(=O)OC[C@@H]1O[C@H]([C@H](O)[C@H]1O)N1C=CC(=O)NC1=O;0.101340666
CPD-14739;OC[C@]1(O)CO[C@@H](OC[C@@H]2O[C@H](OCc3ccccc3)[C@H](O)[C@H](O)[C@@H]2O)[C@H]1O;0.229410157
CPD-7714;[O-]c1cc2[o+]c(c(cc2c(c1)O[C@@H]1O[C@H](CO)[C@H](O)[C@H](O)[C@@H]1O)O[C@@H]1O[C@@H](COC(=O)/C=C/c2ccc(O)cc2)[C@H](O)[C@@H](O)[C@@H]1O)-c1cc(O)c(O)cc1;0.14121978
CPD-14737;COc1cc(CC=C)ccc1O[C@@H]1O[C@@H](CO[C@H]2OC[C@H](O)[C@@H](O)[C@@H]2O)[C@@H](O)[C@H](O)[C@@H]1O;0.093423858
GDP-4-DEHYDRO-6-DEOXY-D-MANNOSE;C[C@@H]1O[C@@H](O[P@@]([O-])(=O)O[P@]([O-])(=O)OC[C@@H]2O[C@@H]([C@@H](O)[C@@H]2O)[n]2c[n]c3c2N=C(N)NC3=O)[C@H](O)[C@H](O)C1=O;0.186522678
CPD-15284;[O-]C(=O)[C@H](O)CC(=O)OC[C@H]1O[C@@H](Oc2cc3c(cc([O-])cc3[O-])[o+]c2-c2cc(O)c(O)cc2)[C@H](O)[C@H](O)[C@@H]1O;0.271855503
GDP-L-GALACTOSE;NC1NC(=O)c2[n]c[n]([C@H]3O[C@H](CO[P@@]([O-])(=O)O[P@]([O-])(=O)O[C@@H]4O[C@H](CO)[C@@H](O)[C@H](O)[C@@H]4O)[C@H](O)[C@@H]3O)c2N=1;0.164951771
CPD-8254;OC[C@@H]1O[C@H](OC[C@H]2O[C@@H](O[C@@H]3[C@@H](O)[C@H](O)[C@H](O)[C@H](O)[C@H]3O)[C@H](O)[C@H](O)[C@@H]2O)[C@H](O)[C@H](O)[C@H]1O;0.212000147
CPD-17478;Oc1cc2O[C@H]([C@H](OO)c3ccc(cc3)O[C@@H]3O[C@@H](CO)[C@H](O)[C@H](O)[C@@H]3O)C(=O)c2cc1;0.163914919
CPD-14991;OC[C@H]1O[C@H](OC2=C(Oc3cc(O)cc(O)c3C2=O)c2ccc(O)cc2)[C@@H](O)[C@H](O)[C@H]1OC(=O)/C=C/c1ccc(O)cc1;0.301514953
6G-KESTOTETRAOSE;O[C@@H]1[C@@H](O)[C@H](CO)O[C@]1(CO)O[C@@H]1O[C@H](CO[C@@]2(CO)O[C@@H](CO)[C@H](O)[C@H]2O)[C@@H](O)[C@H](O)[C@H]1O;0.093619853
CPD-4202;C/C(/CO)=C/CNc1[n]c[n]c2c1[n]c[n]2[C@H]1O[C@H](CO[P@]([O-])(=O)O[P@@]([O-])(=O)O[P@@]([O-])(O)=O)[C@@H](O)[C@@H]1O;0.254035443
CPD-9477;CC1(C)CC[C@]2([C@@H](C1)C1=CC[C@H]3[C@](C)(CC[C@H]4[C@@](C)([C@@H](O)CC[C@@]34C)C([O-])=O)[C@@]1(C)C[C@@H]2O)C(=O)O[C@H]1O[C@H](CO)[C@@H](O)[C@@H](O)[C@@H]1O;0.166372627
CPD-4563;COc1ccc(cc1)C1=COc2cc(cc(O)c2C1=O)O[C@H]1O[C@@H](CO)[C@H](O)[C@H](O)[C@H]1O;0.128091648
CPD-15083;[O-]c1cc(O)c2C(=O)C=C(Oc2c1[C@@H]1O[C@H](CO)[C@@H](O)[C@H](O)[C@H]1O)c1cc(O)c(O)cc1;0.036292423
CPD-19470;[O-]S(=O)(=O)O/N=C(/Cc1c[n](O)c2ccccc21)\S[C@@H]1O[C@@H](CO)[C@H](O)[C@@H](O)[C@H]1O;0.130922064
CPD-10348;C[C@H]1O[C@H](O[C@@H]2[C@H](O[C@@H](CO)[C@@H](O)[C@H]2O)c2c(cc3OC(=CC(=O)c3c2O)c2ccc(O)cc2)O[C@H]2O[C@H](CO)[C@@H](O)[C@@H](O)[C@@H]2O)[C@@H](O)[C@@H](O)[C@H]1O;0.133699596
CPD-14848;OC[C@@H]1O[C@@H](OC[C@@H]2O[C@H](Oc3cc(O)c4C(=O)C(=COc4c3)c3ccc(O)cc3)[C@@H](O)[C@H](O)[C@H]2O)[C@H](O)[C@@H](O)[C@H]1O;0.105813622
CPD-8012;C[C@@H]1O[C@H](OC2C(=O)c3c(cc(cc3O)O[C@@H]3O[C@@H](CO)[C@H](O)[C@@H](O)[C@@H]3O)OC=2c2ccc(O)cc2)[C@@H](O)[C@H](O)[C@@H]1O;0.119769245
CPD-16762;[O-]C1C(=O)c2c(OC=1c1cc(O)c(O)cc1)c(O)c(cc2O)O[C@H]1O[C@H](CO)[C@@H](O)[C@@H](O)[C@@H]1O;0.184007496
CPD-15717;O[C@@H]1O[C@@H](CO)[C@@H](O[C@@H]2O[C@@H](CO)[C@@H](O)[C@H](O)[C@H]2O)[C@@H](O)[C@@H]1O;0.11710158
CPD-16559;C[C@@H]1O[C@H](OC[C@H]2O[C@H](Oc3cc4c([O-])cc(cc4[o+]c3-c3cc(O)c(O)c(O)c3)O[C@@H]3O[C@@H](COC(=O)c4ccc(O)cc4)[C@H](O)[C@H](O)[C@H]3O)[C@H](O)[C@@H](O)[C@@H]2O)[C@@H](O)[C@H](O)[C@H]1O;0.147806108
CPD-18099;[O-]c1cc2[o+]c(c(cc2c([O-])c1)O[C@H]1O[C@@H](COC(=O)/C=C\c2ccc(O)cc2)[C@@H](O)[C@H](O)[C@H]1O[C@@H]1OC[C@H](O)[C@H](O)[C@@H]1O)-c1ccc(O)cc1;0.125659451
GIBBERELLIN;C[C@@]12[C@@H]3[C@@H](C([O-])=O)[C@]45C[C@](O)(CC[C@@H]4[C@]3(C=C[C@H]1O)OC2=O)C(=C)C5;0.399438351
PHOSPHORIBOSYL-ATP;N=C1c2[n]c[n]([C@@H]3O[C@H](CO[P@@]([O-])(=O)O[P@@]([O-])(=O)O[P@@]([O-])(O)=O)[C@@H](O)[C@H]3O)c2N=CN1[C@@H]1O[C@@H](COP([O-])([O-])=O)[C@H](O)[C@@H]1O;0.221987143
CPD-10539;C[C@@H]1O[C@@H](O[C@@H]2CC[C@]3(C)[C@H]4CC[C@]5(C)[C@H](CC[C@]5(O)[C@H]4CC[C@@H]3C2)C2COC(=O)C=2)[C@H](O)[C@@H](O)[C@@H]1O[C@H]1O[C@H](CO)[C@@H](O)[C@H](O)[C@H]1O;0.21923621
CPD-14507;C[C@]12CCC[C@@](C)([C@H]1CC[C@]13C[C@H]([C@H](C[C@H]21)O[C@H]1O[C@@H](CO)[C@@H](O)[C@H](O[C@@H]2O[C@H](CO)[C@@H](O)[C@@H](O)[C@@H]2O)[C@H]1O[C@H]1O[C@H](CO)[C@@H](O)[C@H](O)[C@@H]1O)C(=C)C3)C(O)=O;0.262582213
CPD-7148;C[C@H]1O[C@@H](OC[C@H]2O[C@@H](Oc3cc4c(cc([O-])cc4O[C@@H]4O[C@H](CO)[C@@H](O)[C@@H](O)[C@@H]4O)[o+]c3-c3ccc(O)cc3)[C@H](O)[C@@H](O)[C@@H]2O)[C@H](O)[C@H](O)[C@H]1O;0.250236928
CPD-10519;CC(C)(CO[P@@](O)(=O)O[P@@](O)(=O)OC[C@H]1O[C@@H]([C@@H](O)[C@@H]1OP(O)(O)=O)[n]1c[n]c2c(N)[n]c[n]c12)[C@@H](O)C(=O)NCCC(=O)NCCSC(=O)C[C@@H]1CN[C@@H]2CCCC[C@@H]12;0.203307211
CPD-14840;O[C@H]1[C@H](CO)O[C@@H](OC[C@H]2O[C@H](Oc3cc4OCOc4cc3[C@@H]3OC[C@H]4[C@@H](OC[C@H]43)c3cc4OCOc4cc3)[C@H](O[C@H]3O[C@@H](CO)[C@@H](O)[C@H](O)[C@H]3O)[C@@H](O)[C@H]2O)[C@H](O)[C@H]1O;0.13367644
CPD-10600;CC(C)(CO[P@@]([O-])(=O)O[P@@]([O-])(=O)OC[C@H]1O[C@@H]([C@@H](O)[C@H]1OP([O-])([O-])=O)[n]1c[n]c2c(N)[n]c[n]c12)[C@@H](O)C(=O)NCCC(=O)NCCSC(=O)CC(=O)c1ccc(O)cc1;0.322791904
CPD-458;OC[C@@H]1O[C@@H](O[C@@H]2[C@H](O)[C@@H](O)[C@H](O)[C@@H](O)[C@H]2O)[C@@H](O)[C@@H](O)[C@H]1O;0.157404229
CPD-14911;COc1c(cc2OC(=C(O[C@@H]3O[C@H](CO)[C@@H](O)[C@H](O)[C@H]3O)C(=O)c2c1O)c1cc(O)c(O)cc1)OC;0.081071712
|a-radical-of-luteolin-7-iOi-diglucuronid|;[O-]C(=O)[C@@H]1O[C@H](O[C@H]2[C@@H](Oc3cc(O)c4c(c3)OC(=CC4=O)c3cc(O)c(O)cc3)O[C@@H]([C@@H](O)[C@@H]2O)C([O-])=O)[C@@H](O)[C@H](O)[C@H]1O;0.2894198
CPD-11685;[O-]C1C(=O)c2c(cc(O)cc2O)OC=1c1cc(O)c(cc1)O[C@@H]1O[C@H](CO)[C@H](O)[C@@H](O)[C@H]1O;0.317275554
CPD-8949;Oc1c2-c3c(cc(O)c(O)c3O)C(=O)O[C@H]3[C@@H](COC(=O)c2cc(O)c1O)O[C@H](OC(=O)c1cc(O)c(O)c(O)c1)[C@@H](OC(=O)c1cc(O)c(O)c(O)c1)[C@@H]3OC(=O)c1cc(O)c(O)c(O)c1;0.058488555
MALTOSE;O[C@@H]1O[C@@H](CO)[C@@H](O[C@@H]2O[C@@H](CO)[C@@H](O)[C@H](O)[C@H]2O)[C@@H](O)[C@@H]1O;0.11710158
CPD-9772;C[N@@H+]1CCC[C@H]1CC(=O)CC(=O)SCCNC(=O)CCNC(=O)[C@H](O)C(C)(C)CO[P@@]([O-])(=O)O[P@]([O-])(=O)OC[C@@H]1O[C@H]([C@H](O)[C@@H]1OP([O-])([O-])=O)[n]1c[n]c2c(N)[n]c[n]c12;0.280895352
CPD-15084;OC[C@H]1O[C@@H]([C@@H](O)[C@H](O)[C@@H]1O)c1c2OC(=CC(=O)c2c(O)cc1O)c1ccccc1;0.189569116
4-HYDROXY-BUTYRYL-COA;CC(C)(CO[P@]([O-])(=O)O[P@@]([O-])(=O)OC[C@H]1O[C@@H]([C@H](O)[C@@H]1OP([O-])([O-])=O)[n]1c[n]c2c(N)[n]c[n]c12)[C@H](O)C(=O)NCCC(=O)NCCSC(=O)CCCO;0.237239063
CPD-15176;OC[C@H]1O[C@H](Oc2cc3OC(=CC(=O)c3c(O)c2O)c2ccccc2)[C@H](O)[C@@H](O)[C@@H]1O;0.188820943
CPD-229;C[C@]1([C@@H]2[C@H](C([O-])=O)[C@]34C[C@](O)(CC[C@@H]3C2=CC(=O)[C@@H]1O)C(=C)C4)C([O-])=O;0.144098863
CPD-14981;COc1cc(ccc1O)/C=C/C(=O)OC[C@H]1O[C@@H](OC2=C(Oc3cc(O)cc(O)c3C2=O)c2cc(OC)c(O)cc2)[C@@H](O)[C@@H](O)[C@@H]1O;0.155932039
CPD-11521;CC/C=C/C[C@H]1[C@@H](CCCCCC(=O)SCCNC(=O)CCNC(=O)[C@@H](O)C(C)(C)CO[P@@]([O-])(=O)O[P@@]([O-])(=O)OC[C@@H]2O[C@H]([C@H](O)[C@@H]2OP([O-])([O-])=O)[n]2c[n]c3c(N)[n]c[n]c23)CCC1=O;0.144575194
CPD-14969;COc1cc(ccc1O)C1Oc2cc(O)cc(O)c2C(=O)C=1O[C@H]1O[C@@H](CO)[C@@H](O)[C@H](O)[C@H]1O;0.134472445
CPD-14594;CC(C)(C#N)O[C@@H]1O[C@H](CO[C@H]2O[C@@H](CO)[C@@H](O)[C@@H](O)[C@H]2O)[C@@H](O)[C@H](O)[C@H]1O;0.070203021
CPD-8160;CCCCCCCCCCCCCCCC(=O)O[C@@H](CO[C@H]1O[C@H](CO[C@H]2O[C@H](CO)[C@@H](O)[C@@H](O)[C@@H]2O)[C@H](O)[C@@H](O)[C@@H]1O)COC(=O)CCCCCCC/C=C/CCCCCCCC;0.373352855
10-DEACETYLBACCATIN-III;CC1(C)C2[C@H](O)C(=O)[C@@]3(C)[C@@H]([C@H](OC(=O)c4ccccc4)[C@]1(O)C[C@H](O)C=2C)[C@]1(CO[C@H]1C[C@@H]3O)OC(C)=O;0.232276887
CPD-9587;C[C@@H]1O[C@@H](O[C@@H]2[C@H](O[C@H](CO)[C@@H](O)[C@@H]2O)c2c([O-])cc3OC(=CC(=O)c3c2O)c2cc(O)c(O)cc2)[C@@H](O)[C@H](O)[C@@H]1O;0.113283843
CPD-8258;OC[C@H]1O[C@H](OC[C@@H]2O[C@H](OC[C@@H]3O[C@H](O[C@@H]4[C@@H](O)[C@H](O)[C@H](O)[C@H](O)[C@H]4O)[C@H](O)[C@@H](O)[C@H]3O)[C@@H](O)[C@H](O)[C@H]2O)[C@H](O)[C@H](O)[C@@H]1O;0.331000268
ISOVALERYL-COA;CC(C)CC(=O)SCCNC(=O)CCNC(=O)[C@H](O)C(C)(C)CO[P@@]([O-])(=O)O[P@@]([O-])(=O)OC[C@H]1O[C@@H]([C@@H](O)[C@H]1OP([O-])([O-])=O)[n]1c[n]c2c1[n]c[n]c2N;0.219130233
|Gentiobiose|;OC[C@H]1O[C@@H](OC[C@@H]2O[C@@H](O)[C@H](O)[C@@H](O)[C@@H]2O)[C@@H](O)[C@@H](O)[C@@H]1O;0.238236338
CPD1F-139;C[C@]12[C@H]3[C@H](C([O-])=O)[C@@]45CC(=C)[C@@](O)(C4)CC[C@@H]5[C@@]3(CC[C@@H]1O)OC2=O;0.304053247
CPD-14275;CCCCCCCCCCCCCCCCC[C@@H](O)CC(=O)SCCNC(=O)CCNC(=O)[C@@H](O)C(C)(C)CO[P@@]([O-])(=O)O[P@@]([O-])(=O)OC[C@H]1O[C@@H]([C@@H](O)[C@H]1OP([O-])([O-])=O)[n]1c[n]c2c(N)[n]c[n]c12;0.18827872
CPD-3421;OC[C@@H]1O[C@@H](Oc2cc(O)c3C(=O)C(=COc3c2)c2ccc(O)cc2)[C@H](O)[C@@H](O)[C@H]1O;0.035890527
CPD-9207;CC(C)(CO[P@@]([O-])(=O)O[P@]([O-])(=O)OC[C@H]1O[C@@H]([C@@H](O)[C@H]1OP([O-])([O-])=O)[n]1c[n]c2c(N)[n]c[n]c12)[C@@H](O)C(=O)NCCC(=O)NCCSC(=O)C[C@@H]([NH3+])c1ccccc1;0.263981581
CPD-7862;[O-]C(=O)CC(=O)OC[C@H]1O[C@H](Oc2cc3c(cc([O-])cc3[O-])[o+]c2-c2cc(O)c(O)c(O)c2)[C@H](O)[C@@H](O)[C@@H]1O;0.209280163
CPD-11520;CC/C=C\C[C@@H]1[C@@H](CCCCCC(=O)CC(=O)SCCNC(=O)CCNC(=O)[C@@H](O)C(C)(C)CO[P@@]([O-])(=O)O[P@]([O-])(=O)OC[C@H]2O[C@@H]([C@@H](O)[C@@H]2OP([O-])([O-])=O)[n]2c[n]c3c(N)[n]c[n]c23)CCC1=O;0.144153133
CPD-16535;[O-]c1cc2[o+]c(c(cc2c([O-])c1)O[C@@H]1O[C@@H](CO)[C@H](O)[C@H](O)[C@H]1O[C@H]1OC[C@H](O)[C@H](O)[C@@H]1O)-c1cc(O)c(O)cc1;0.164458975
CPD-17633;CC(C)(CO[P@@]([O-])(=O)O[P@@]([O-])(=O)OC[C@H]1O[C@@H]([C@@H](O)[C@H]1OP([O-])([O-])=O)[n]1c[n]c2c(N)[n]c[n]c12)[C@@H](O)C(=O)NCCC(=O)NCCSC(=O)CCCCCCCCCCCCCCCCCCCCC=O;0.174572259
CPD-8011;C[C@H]1O[C@H](OC2C(=O)c3c(cc(cc3O)O[C@@H]3O[C@@H](CO)[C@H](O)[C@H](O)[C@@H]3O)OC=2c2cc(O)c(O)cc2)[C@@H](O)[C@@H](O)[C@H]1O;0.207739338
CPD-10516;CC(C)(CO[P@](O)(=O)O[P@](O)(=O)OC[C@@H]1O[C@H]([C@H](O)[C@H]1OP(O)(O)=O)[n]1c[n]c2c(N)[n]c[n]c12)[C@H](O)C(=O)NCCC(=O)NCCSC(=O)/C=C\Cc1c[nH]c2ccccc12;0.294768333
CPD-8666;C/C(/C=C\C=C(\C)/C(=O)O[C@@H]1O[C@H](CO[C@@H]2O[C@H](CO)[C@@H](O)[C@H](O)[C@H]2O)[C@H](O)[C@@H](O)[C@@H]1O)=C/C=C\C=C(/C)\C=C/C=C(/C)\C(=O)O[C@@H]1O[C@H](CO[C@@H]2O[C@H](CO)[C@H](O)[C@H](O)[C@H]2O)[C@@H](O)[C@H](O)[C@H]1O;0.435276479
CPD-8066;O[C@H]1[C@H](CO)O[C@@](CO)(O[C@H]2O[C@@H](CO[C@@H]3O[C@H](CO[C@H]4O[C@@H](CO[C@@H]5O[C@H](CO[C@@H]6O[C@H](CO)[C@@H](O)[C@H](O)[C@@H]6O)[C@H](O)[C@H](O)[C@H]5O)[C@H](O)[C@@H](O)[C@@H]4O)[C@H](O)[C@@H](O)[C@H]3O)[C@@H](O)[C@H](O)[C@@H]2O)[C@@H]1O;0.286443114
CPD-7390;OC[C@@H]1O[C@@H](Oc2cc(O)c(cc2)C(=O)/C=C/c2cc(O)c(O)cc2)[C@H](O)[C@@H](O)[C@@H]1O;0.403824598
TRANS-3-METHYL-GLUTACONYL-COA;C/C(/CC([O-])=O)=C\C(=O)SCCNC(=O)CCNC(=O)[C@@H](O)C(C)(C)CO[P@]([O-])(=O)O[P@]([O-])(=O)OC[C@H]1O[C@@H]([C@@H](O)[C@@H]1OP([O-])([O-])=O)[n]1c[n]c2c(N)[n]c[n]c12;0.322753012
CPD-10267;CCCCCCCCCC(=O)SCCNC(=O)CCNC(=O)[C@@H](O)C(C)(C)CO[P@]([O-])(=O)O[P@]([O-])(=O)OC[C@H]1O[C@H]([C@H](O)[C@H]1OP([O-])([O-])=O)[n]1c[n]c2c(N)[n]c[n]c12;0.375567436
CPD-9558;Cc1cc(O)c2c(c1)/C(=C1/c3cc(O)cc(O)c3C(=O)c3c/1cc(C)cc3O)/c1cc(O)cc(O)c1C2=O;0.288733751
CPD-11557;Cc1cc(O)cc(O[C@H]2O[C@@H](CO)[C@H](O)[C@H](O)[C@@H]2O)c1C1=CC(=CC(=O)O1)OC;0.05256578
CPDQT-416;CSCCCC/C(=N\O)/S[C@@H]1O[C@@H](CO)[C@H](O)[C@@H](O)[C@@H]1O;0.314677626
CPD-4618;C/C(/CO)=C/CNc1[n]c[n]c2[n]c[n]([C@@H]3O[C@@H](CO)[C@H](O)[C@H](O)[C@@H]3O)c21;0.203615308
CPD-17635;CC[C@H](C(=O)SCCNC(=O)CCNC(=O)[C@H](O)C(C)(C)CO[P@@]([O-])(=O)O[P@@]([O-])(=O)OC[C@H]1O[C@@H]([C@@H](O)[C@H]1OP([O-])([O-])=O)[n]1c[n]c2c(N)[n]c[n]c12)C([O-])=O;0.111758441
CPD-18170;Oc1c([C@@H]2O[C@@H](CO)[C@H](O)[C@H](O)[C@H]2O[C@H]2CO[C@@H](O)[C@H](O)[C@H]2O)c(cc2OC(=CC(=O)c12)c1ccc(O)cc1)O[C@H]1O[C@@H](CO)[C@H](O)[C@H](O)[C@@H]1O;0.178619966
CPD-14820;OC[C@H]1O[C@H](OC[C@H]2O[C@H](OC3C(=O)c4c(cc(O)cc4O)OC=3c3cc(O)c(O)cc3)[C@H](O)[C@@H](O)[C@@H]2O)[C@H](O)[C@@H](O)[C@@H]1O;0.186583713
DTDP-D-GLUCOSE;CC1=CN([C@H]2C[C@@H](O)[C@H](CO[P@]([O-])(=O)O[P@@]([O-])(=O)O[C@H]3O[C@H](CO)[C@@H](O)[C@@H](O)[C@@H]3O)O2)C(=O)NC1=O;0.210677043
DTDP-DEOH-DEOXY-GLUCOSE;CC1=CN([C@@H]2C[C@H](O)[C@@H](CO[P@@]([O-])(=O)O[P@]([O-])(=O)O[C@H]3O[C@H](C)C(=O)[C@H](O)[C@@H]3O)O2)C(=O)NC1=O;0.212259248
CPD-9771;C[N@H+]1CCC[C@@H]1CC(=O)SCCNC(=O)CCNC(=O)[C@H](O)C(C)(C)CO[P@@]([O-])(=O)O[P@]([O-])(=O)OC[C@@H]1O[C@H]([C@H](O)[C@@H]1OP([O-])([O-])=O)[n]1c[n]c2c(N)[n]c[n]c12;0.208379298
CPD-14847;OC[C@H]1O[C@H](OC[C@@H]2O[C@H](OC3C(=O)c4c(cc(O)cc4O)OC=3c3ccc(O)cc3)[C@@H](O)[C@H](O)[C@@H]2O)[C@H](O)[C@H](O)[C@@H]1O;0.144845083
CPD-14999;[O-]c1cc(O)cc2[o+]c(c(cc21)O[C@@H]1O[C@H](CO[C@H]2O[C@@H](CO)[C@H](O)[C@@H](O)[C@@H]2O)[C@@H](O)[C@H](O)[C@H]1O[C@@H]1OC[C@H](O)[C@@H](O)[C@@H]1O)-c1cc(O)c(O)cc1;0.183381379
CPD-7708;[O-]C(=O)CC(=O)OC[C@@H]1O[C@H](Oc2cc([O-])cc3[o+]c(c(cc32)O[C@H]2O[C@@H](COC(=O)/C=C\c3ccc(O)cc3)[C@H](O)[C@H](O)[C@H]2O)-c2cc(O)c(O)cc2)[C@@H](O)[C@H](O)[C@H]1O;0.106369093
CPD-15361;CCCCCCCC/C=C/CCCCCCC[C@H](O)CC(=O)SCCNC(=O)CCNC(=O)[C@@H](O)C(C)(C)CO[P@]([O-])(=O)O[P@@]([O-])(=O)OC[C@H]1O[C@@H]([C@@H](O)[C@H]1OP([O-])([O-])=O)[n]1c[n]c2c(N)[n]c[n]c12;0.22050181
CPDQT-421;C=C[C@@H](O)C/C(=N/OS([O-])(=O)=O)/S[C@H]1O[C@H](CO)[C@@H](O)[C@@H](O)[C@@H]1O;0.074549712
CPD-11524;CC/C=C\C[C@@H]1[C@@H](CCCC(=O)CC(=O)SCCNC(=O)CCNC(=O)[C@H](O)C(C)(C)CO[P@@]([O-])(=O)O[P@]([O-])(=O)OC[C@H]2O[C@@H]([C@@H](O)[C@@H]2OP([O-])([O-])=O)[n]2c[n]c3c(N)[n]c[n]c23)CCC1=O;0.155226588
CPD-7141;[O-]C(=O)CC(=O)OC[C@H]1O[C@@H](Oc2cc([O-])cc3[o+]c(c(cc32)O[C@@H]2O[C@@H](COC(=O)/C=C/c3cc(O)c(O)cc3)[C@@H](O)[C@@H](O)[C@@H]2O)-c2ccc(O)cc2)[C@H](O)[C@H](O)[C@@H]1O;0.131941706
CPD-14825;OC[C@H]1O[C@@H](OC[C@@H]2O[C@@H](Oc3cc4OC(=CC(=O)c4c(O)c3)c3cc(O)c(O)cc3)[C@@H](O)[C@H](O)[C@H]2O)[C@H](O)[C@H](O)[C@@H]1O;0.166678444
CPD-14979;COc1cc(ccc1O)/C=C\C(=O)OC[C@@H]1O[C@H](OC2=C(Oc3cc(O)cc(O)c3C2=O)c2cc(O)c(O)cc2)[C@@H](O)[C@H](O)[C@H]1O;0.198047727
3-HYDROXY-PROPIONYL-COA;CC(C)(CO[P@]([O-])(=O)O[P@@]([O-])(=O)OC[C@@H]1O[C@@H]([C@H](O)[C@H]1OP([O-])([O-])=O)[n]1c[n]c2c(N)[n]c[n]c12)[C@@H](O)C(=O)NCCC(=O)NCCSC(=O)CCO;0.249004379
CPD-12575;[O-][P@@](=O)(O[C@@H]1O[C@@H](CO)[C@@H](O)[C@H](O)[C@H]1O)O[P@@]([O-])(=O)OC[C@H]1O[C@@H]([C@H](O)[C@H]1O)N1C=CC(=O)NC1=O;0.172854841
CPD-1142;O[C@@H]1[C@H](O)[C@H](O[C@H](CO)[C@@H]1O)Oc1ccccc1CO;0.059680246
PROPIONYL-COA;CCC(=O)SCCNC(=O)CCNC(=O)[C@H](O)C(C)(C)CO[P@]([O-])(=O)O[P@]([O-])(=O)OC[C@@H]1O[C@H]([C@H](O)[C@@H]1OP([O-])([O-])=O)[n]1c[n]c2c(N)[n]c[n]c12;0.268419266
4-COUMAROYLQUINATE;[O-]C(=O)[C@@]1(O)C[C@@H](O)[C@H](O)[C@H](C1)OC(=O)/C=C\c1ccc(O)cc1;0.348040402
3-METHYL-CROTONYL-COA;CC(C)=CC(=O)SCCNC(=O)CCNC(=O)[C@H](O)C(C)(C)CO[P@@]([O-])(=O)O[P@]([O-])(=O)OC[C@@H]1O[C@@H]([C@@H](O)[C@H]1OP([O-])([O-])=O)[n]1c[n]c2c1[n]c[n]c2N;0.259885997
CPD-9440;CC(C)=CCc1c2O[C@H](CC(=O)c2c(O)cc1O)c1ccc(O)cc1;0.396761626
4-HYDROXY-3-INDOLYLMETHYL-GLUCOSINOLATE;[O-]S(=O)(=O)O/N=C(\Cc1c[nH]c2cccc(O)c21)/S[C@@H]1O[C@@H](CO)[C@@H](O)[C@H](O)[C@H]1O;0.127946481
CPD-16550;OC[C@H]1O[C@@H](OC(=O)/C=C\c2ccc(O)c(O)c2)[C@@H](O)[C@H](O)[C@H]1O;0.260514349
CPD-12513;[O-][P@](=O)(O[C@@H]1OC[C@H](O)[C@H](O)[C@@H]1O)O[P@]([O-])(=O)OC[C@H]1O[C@@H]([C@@H](O)[C@H]1O)N1C=CC(=O)NC1=O;0.184604228
LUTEOLIN-7-O-BETA-D-DIGLUCURONIDE;[O-]C(=O)[C@@H]1O[C@H](O[C@H]2[C@@H](Oc3cc(O)c4c(c3)OC(=CC4=O)c3cc(O)c(O)cc3)O[C@@H]([C@@H](O)[C@@H]2O)C([O-])=O)[C@@H](O)[C@H](O)[C@H]1O;0.2894198
CPD-7078;NC1NC(=O)c2[n]c[n]([C@H]3O[C@H](CO[P@@]([O-])(=O)O[P@]([O-])(=O)O[C@@H]4O[C@H](CO)[C@@H](O)[C@H](O)[C@@H]4O)[C@H](O)[C@@H]3O)c2N=1;0.164951771
GLUTACONYL-COA;CC(C)(CO[P@@]([O-])(=O)O[P@]([O-])(=O)OC[C@H]1O[C@@H]([C@@H](O)[C@H]1OP([O-])([O-])=O)[n]1c[n]c2c(N)[n]c[n]c12)[C@H](O)C(=O)NCCC(=O)NCCSC(=O)/C=C/CC([O-])=O;0.144448966
CPD-11525;CC/C=C/C[C@@H]1[C@H](CCC1=O)CCCC(=O)SCCNC(=O)CCNC(=O)[C@H](O)C(C)(C)CO[P@]([O-])(=O)O[P@@]([O-])(=O)OC[C@H]1O[C@@H]([C@@H](O)[C@H]1OP([O-])([O-])=O)[n]1c[n]c2c(N)[n]c[n]c12;0.326388747
CPD-14836;COc1cc(ccc1O)/C=C/C(/O)=C/C(=O)/C=C\c1cc(OC)c(cc1)O[C@@H]1O[C@@H](CO[C@@H]2O[C@H](CO[C@H]3O[C@@H](CO[C@H]4O[C@H](CO)[C@@H](O)[C@@H](O)[C@@H]4O)[C@@H](O)[C@H](O)[C@@H]3O)[C@@H](O)[C@H](O)[C@H]2O)[C@H](O)[C@H](O)[C@H]1O;0.107264422
DEPHOSPHO-COA;CC(C)(CO[P@]([O-])(=O)O[P@]([O-])(=O)OC[C@H]1O[C@@H]([C@@H](O)[C@H]1O)[n]1c[n]c2c(N)[n]c[n]c12)[C@H](O)C(=O)NCCC(=O)NCCS;0.215521634
UDP-SULFOQUINOVOSE;[O-][P@@](=O)(O[C@H]1O[C@H](CS([O-])(=O)=O)[C@@H](O)[C@H](O)[C@@H]1O)O[P@@]([O-])(=O)OC[C@H]1O[C@@H]([C@@H](O)[C@@H]1O)N1C=CC(=O)NC1=O;0.133828387
CPD-7870;[O-]C(=O)CC(=O)OC[C@@H]1O[C@H](Oc2cc3c(cc(O)cc3[O-])[o+]c2-c2cc(O[C@@H]3O[C@H](CO)[C@H](O)[C@@H](O)[C@@H]3O)c(O)c(O)c2)[C@@H](O)[C@@H](O)[C@@H]1O;0.133549675
CPD-8255;OC[C@@H]1O[C@@H](OC[C@H]2O[C@H](OC[C@@H]3O[C@@H](O[C@H]4[C@@H](O)[C@H](O)[C@@H](O)[C@@H](O)[C@@H]4O)[C@H](O)[C@@H](O)[C@H]3O)[C@@H](O)[C@@H](O)[C@@H]2O)[C@H](O)[C@H](O)[C@H]1O;0.251970053
CPD-14277;CCCCCCCCCCCCCCCCCCCCC[C@H](O)CC(=O)SCCNC(=O)CCNC(=O)[C@H](O)C(C)(C)CO[P@@]([O-])(=O)O[P@]([O-])(=O)OC[C@@H]1O[C@H]([C@H](O)[C@@H]1OP([O-])([O-])=O)[n]1c[n]c2c(N)[n]c[n]c12;0.092489913
CPD-6624;COc1cc(ccc1O)/C=C/C(/O)=C\C(=O)/C=C/c1cc(OC)c(cc1)O[C@@H]1O[C@@H](CO[C@H]2O[C@@H](CO)[C@H](O)[C@H](O)[C@H]2O)[C@H](O)[C@@H](O)[C@@H]1O;0.214829445
CPD-14503;C[C@]12CCC[C@](C)([C@H]1CC[C@@]13CC(=C)[C@@](C1)(CC[C@H]23)O[C@@H]1O[C@H](CO)[C@@H](O)[C@H](O)[C@H]1O[C@@H]1O[C@H](CO)[C@H](O)[C@H](O)[C@H]1O)C(O)=O;0.194919199
CPD-15106;Oc1cc2OC(=C(O[C@@H]3O[C@@H](CO)[C@H](O)[C@H](O)[C@H]3O[C@@H]3O[C@@H](CO)[C@@H](O)[C@H](O)[C@H]3O)C(=O)c2c(O)c1)c1cc(O)c(O)cc1;0.266644418
CPD-10542;C[C@@H]1O[C@H](O[P@]([O-])(=O)O[P@]([O-])(=O)OC[C@H]2O[C@H]([C@@H](O)[C@H]2O)N2C=CC(=O)NC2=O)[C@H](O)[C@@H](O)[C@H]1O;0.126352504
3-HYDROXYPROPYL-GLUCOSINOLATE;[O-]S(=O)(=O)O/N=C(/CCCO)\S[C@@H]1O[C@@H](CO)[C@@H](O)[C@H](O)[C@H]1O;0.083158106
CPD-8069;O[C@H]1[C@@H](CO)O[C@@H](O[C@@H]2[C@@H](OC3=C(Oc4cc(O)cc(O)c4C3=O)c3ccc(O)cc3)O[C@H](CO)[C@@H](O)[C@@H]2O)[C@@H](O[C@H]2O[C@H](COC(=O)/C=C/c3ccc(O)cc3)[C@@H](O)[C@@H](O)[C@H]2O)[C@@H]1O;0.207179099
VITEXIN;[O-]c1cc(O)c2C(=O)C=C(Oc2c1[C@H]1O[C@@H](CO)[C@H](O)[C@H](O)[C@@H]1O)c1ccc(O)cc1;0.043732338
CPD-8162;CC/C=C\C/C=C/C/C=C/CCCCCCCC(=O)OC[C@H](CO[C@H]1O[C@H](CO[C@@H]2O[C@@H](CO)[C@H](O)[C@H](O)[C@H]2O)[C@@H](O)[C@H](O)[C@H]1O)OC(=O)CCCCCCCCCCCCCCC;0.334078461
INDOL-YLACETYL-MYO-INOSITOL-ARABINOSIDE;O[C@H]1[C@H](O[C@@H]2[C@H](OC(=O)Cc3c[nH]c4ccccc34)[C@@H](O)[C@H](O)[C@H](O)[C@@H]2O)OC[C@H](O)[C@H]1O;0.159046575
CPD1F-461;C[C@H]1O[C@@H](OC2C(=O)c3c(cc([O-])cc3O)OC=2c2ccc(O)cc2)[C@@H](O)[C@@H](O)[C@H]1O;0.172767252
CPD-14506;C[C@@]12CCC[C@](C)([C@@H]1CC[C@@]13C[C@@H]([C@@H](C[C@@H]21)O[C@H]1O[C@@H](CO)[C@H](O)[C@@H](O[C@H]2O[C@@H](CO)[C@H](O)[C@@H](O)[C@@H]2O)[C@@H]1O[C@H]1O[C@@H](CO)[C@@H](O)[C@H](O)[C@H]1O)C(=C)C3)C(=O)O[C@H]1O[C@@H](CO)[C@H](O)[C@H](O)[C@@H]1O;0.228137895
ADP-D-GLUCOSE;Nc1[n]c[n]c2c1[n]c[n]2[C@@H]1O[C@@H](CO[P@]([O-])(=O)O[P@@]([O-])(=O)O[C@@H]2O[C@@H](CO)[C@@H](O)[C@@H](O)[C@@H]2O)[C@@H](O)[C@@H]1O;0.161808565
PHLORETIN;Oc1cc(O)c(C(=O)CCc2ccc(O)cc2)c(O)c1;0.354360998
CPD-8948;O[C@@H]1O[C@@H](COC(=O)c2cc(O)c(O)c(O)c2)[C@H](O)[C@H](O)[C@@H]1O;0.142126337
CPD1F-420;C[C@H]1O[C@@H](Oc2cc(O)c3C(=O)C(O[C@H]4O[C@H](CO)[C@@H](O)[C@H](O)[C@@H]4O)=C(Oc3c2)c2ccc(O)cc2)[C@@H](O)[C@H](O)[C@H]1O;0.28702566
CPDQT-26;C[C@@H]1O[C@H](Oc2cc3OC(=C(O[C@H]4O[C@@H](C)[C@H](O)[C@@H](O)[C@H]4O)C(=O)c3c([O-])c2)c2cc(O)c(O)cc2)[C@H](O)[C@@H](O)[C@H]1O;0.252451301
GLUTARYL-COA;CC(C)(CO[P@]([O-])(=O)O[P@]([O-])(=O)OC[C@@H]1O[C@H]([C@H](O)[C@H]1OP([O-])([O-])=O)[n]1c[n]c2c(N)[n]c[n]c12)[C@H](O)C(=O)NCCC(=O)NCCSC(=O)CCCC([O-])=O;0.291454226
CPD-8062;OC[C@@H]1O[C@H](Oc2cc(O)cc(O)c2C(=O)/C=C/c2ccc(O)cc2)[C@H](O)[C@@H](O)[C@@H]1O;0.12360616
CPD-11590;Oc1cc(CO)cc2[C@H]([C@H]3O[C@@H](CO)[C@H](O)[C@H](O)[C@@H]3O)c3cccc(O)c3C(=O)c12;0.107732005
CPD-82;COc1cc(CCCO)ccc1O[C@H]1O[C@H](CO)[C@@H](O)[C@H](O)[C@H]1O;0.254389107
CPD-16623;C[C@]12CC[C@H]3[C@](C)(CO)[C@@H](CC[C@@]3(C)[C@H]1C[C@@H]1O[C@]31[C@@H]1C[C@@](C)(C=O)[C@@H](O)C[C@]1(C)[C@@H](O)C[C@]23C)O[C@@H]1OC[C@@H](O[C@H]2O[C@H](CO)[C@@H](O)[C@H](O)[C@@H]2O)[C@@H](O)[C@H]1O[C@@H]1O[C@@H](CO)[C@H](O)[C@@H](O)[C@H]1O;0.351230234
CPD-9526;Cc1cc2c(c(C=O)c(O)c(O)c2C(C)C)c(O)c1-c1c(O)cc2c(c(C(C)C)c(O)c(O)c2C=O)c1C;0.121002682
CPD-16602;[O-]c1cc(cc2[o+]c(c(cc21)O[C@@H]1O[C@H](CO)[C@@H](O)[C@@H](O)[C@@H]1O)-c1cc(O)c(O)cc1)O[C@H]1O[C@H](COC(=O)c2ccc(O)cc2)[C@H](O)[C@H](O)[C@@H]1O;0.18165113
ISOVITEXIN-2-O-B-D-GLUCOSIDE;[O-]c1cc2OC(=CC(=O)c2c(O)c1[C@H]1O[C@@H](CO)[C@H](O)[C@@H](O)[C@@H]1O[C@H]1O[C@H](CO)[C@@H](O)[C@@H](O)[C@H]1O)c1ccc(O)cc1;0.240513027
CPD-11528;CC/C=C\C[C@H]1[C@@H](CC(=O)CC(=O)SCCNC(=O)CCNC(=O)[C@H](O)C(C)(C)CO[P@]([O-])(=O)O[P@]([O-])(=O)OC[C@@H]2O[C@@H]([C@@H](O)[C@@H]2OP([O-])([O-])=O)[n]2c[n]c3c(N)[n]c[n]c23)CCC1=O;0.302844226
CPD-8047;CO[C@@H]1[C@H](O)[C@@H](O[C@@H]2O[C@H](CO)[C@H](O)[C@@H](O)[C@H]2O)[C@@H](O)[C@H](O)[C@H]1O;0.162169173
ACETOACETYL-COA;CC(=O)CC(=O)SCCNC(=O)CCNC(=O)[C@@H](O)C(C)(C)CO[P@@]([O-])(=O)O[P@@]([O-])(=O)OC[C@H]1O[C@@H]([C@@H](O)[C@H]1OP([O-])([O-])=O)[n]1c[n]c2c(N)[n]c[n]c12;0.400575072
CPD-20010;OC[C@@H]1O[C@H]([C@@H](O)[C@H](O)[C@@H]1O)c1c(O)cc(O)c(C(=O)CCc2ccc(O)cc2)c1O;0.068093509
CPD-1862;OC[C@H]1O[C@@H](S/C(/Cc2c[nH]c3ccccc32)=N/O)[C@H](O)[C@@H](O)[C@@H]1O;0.147393018
CPD-8675;[O-]C(=O)[C@@H]1C/C(/C=C([NH2+]1)C([O-])=O)=C/C=[N+]1/[C@H](Cc2cc(O[C@@H]3O[C@@H](CO)[C@H](O)[C@H](O)[C@H]3O[C@H]3O[C@H]([C@H](O)[C@H](O)[C@@H]3OC(=O)/C=C/c3ccc(O)cc3)C([O-])=O)c(O)cc/12)C([O-])=O;0.183626577
CPD-11540;C[C@H]1O[C@H](O[P@@]([O-])(=O)O[P@@]([O-])(=O)OC[C@@H]2O[C@H]([C@H](O)[C@H]2O)N2C=CC(=O)NC2=O)[C@@H](O)[C@@H](O)C1=O;0.119408667
CPD-16418;O[C@H]1[C@H](O[C@H]2O[C@H](CO)[C@H](O)[C@@H](O)[C@@H]2O)[C@@](CO)(O[C@H]2O[C@@H](CO[C@@H]3O[C@@H](CO)[C@@H](O)[C@H](O)[C@H]3O)[C@H](O)[C@@H](O)[C@@H]2O)O[C@@H]1CO;0.170047984
CPD-10345;C[C@@H]1O[C@@H](O[C@H]2[C@@H](O[C@H](CO)[C@H](O)[C@H]2O)c2c([O-])cc3OC(=CC(=O)c3c2O)c2ccc(O)cc2)[C@@H](O)[C@@H](O)[C@@H]1O;0.150688708
CPD-63;COc1cc(/C=C\CO)cc(OC)c1O[C@@H]1O[C@@H](CO)[C@@H](O)[C@H](O)[C@H]1O;0.223258659
CPD-15368;CCCCCC[C@@H](O)C/C=C/CCCCCCCC(=O)CC(=O)SCCNC(=O)CCNC(=O)[C@@H](O)C(C)(C)CO[P@@]([O-])(=O)O[P@]([O-])(=O)OC[C@H]1O[C@@H]([C@@H](O)[C@H]1OP([O-])([O-])=O)[n]1c[n]c2c(N)[n]c[n]c12;0.261882216
CPD-10318;[O-]C(=O)CC(=O)OC[C@@H]1O[C@@H](Oc2cc3OC(=CC(=O)c3c(O)c2)c2ccc(O)cc2)[C@H](O)[C@H](O)[C@@H]1O;0.255205333
CPD-14839;OC[C@@H]1O[C@@H](OC[C@H]2O[C@@H](Oc3cc4OCOc4cc3[C@H]3OC[C@@H]4[C@H](OC[C@@H]43)c3cc4OCOc4cc3)[C@H](O)[C@@H](O)[C@@H]2O)[C@H](O)[C@H](O)[C@@H]1O;0.172993958
MELIBIOSE;OC[C@H]1O[C@@H](OC[C@@H]2O[C@@H](O)[C@H](O)[C@@H](O)[C@@H]2O)[C@@H](O)[C@@H](O)[C@@H]1O;0.238236338
CPD-10518;CC(C)(CO[P@](O)(=O)O[P@](O)(=O)OC[C@@H]1O[C@@H]([C@H](O)[C@H]1OP(O)(O)=O)[n]1c[n]c2c(N)[n]c[n]c12)[C@@H](O)C(=O)NCCC(=O)NCCSC(=O)CC(=O)Cc1c[nH]c2ccccc12;0.23712942
CPD-14273;CCCCCCCCCCCCCCCCCCCCCC(=O)CC(=O)SCCNC(=O)CCNC(=O)[C@H](O)C(C)(C)CO[P@]([O-])(=O)O[P@@]([O-])(=O)OC[C@@H]1O[C@@H]([C@@H](O)[C@H]1OP([O-])([O-])=O)[n]1c[n]c2c(N)[n]c[n]c12;0.111980028
7-O-METHYLVITEXIN-2-O-B-L-RHAMNOSIDE;C[C@@H]1O[C@@H](O[C@H]2[C@@H](O[C@@H](CO)[C@H](O)[C@H]2O)c2c3OC(=CC(=O)c3c(O)cc2OC)c2ccc(O)cc2)[C@H](O)[C@@H](O)[C@H]1O;0.217441663
CPD-7087;[O-]c1cc(O)c2C(=O)[C@H](O)[C@H](Oc2c1)c1cc(O)c(O)c(O)c1;0.415001452
CPD-1777;COc1cc(/C=C\CO)ccc1O[C@@H]1O[C@@H](CO)[C@H](O)[C@@H](O)[C@@H]1O;0.252202719
CPD-16536;[O-]c1cc(O)cc2[o+]c(c(cc21)O[C@@H]1O[C@@H](COC(=O)/C=C\c2ccc(O)cc2)[C@@H](O)[C@H](O)[C@H]1O[C@@H]1OC[C@H](O)[C@H](O)[C@H]1O)-c1cc(O)c(O)cc1;0.150042236
CPD-12462;O[C@@H]1[C@H](CO[C@@H]2O[C@@H](CO)[C@H](O)[C@H](O)[C@H]2O)O[C@H](O[C@]2(CO[C@@H]3O[C@H](CO)[C@H](O)[C@@H](O)[C@@H]3O)O[C@@H](CO)[C@@H](O)[C@@H]2O)[C@H](O)[C@H]1O;0.132690176
CPD-14841;OC[C@H]1O[C@H](OC[C@H]2O[C@H](OC[C@@H]3O[C@@H](Oc4cc5OCOc5cc4[C@@H]4OC[C@H]5[C@@H](OC[C@H]54)c4cc5OCOc5cc4)[C@H](O)[C@@H](O)[C@H]3O)[C@@H](O)[C@H](O)[C@@H]2O)[C@H](O)[C@H](O)[C@@H]1O;0.284165651
CPD-15382;O[C@H](CO)[C@@H](O)[C@H](O)C(=O)CO;0.307811022
CPD-8067;[O-]c1cc2OC(=C(O[C@@H]3O[C@H](CO)[C@H](O)[C@@H](O)[C@H]3O[C@H]3O[C@@H](CO)[C@H](O)[C@@H](O)[C@@H]3O)C(=O)c2c(O)c1)c1ccc(O)cc1;0.116947912
CPD-18157;OC[C@H]1O[C@@H]([C@@H](O[C@@H]2CO[C@H](O)[C@H](O)[C@H]2O)[C@H](O)[C@H]1O)c1c(cc2OC(=CC(=O)c2c1O)c1ccc(O)cc1)O[C@H]1OC[C@H](O)[C@H](O)[C@@H]1O;0.232696697
CPD-10269;CCCCCC/C=C/CCCCCCCC(=O)SCCNC(=O)CCNC(=O)[C@H](O)C(C)(C)CO[P@@]([O-])(=O)O[P@@]([O-])(=O)OC[C@H]1O[C@@H]([C@@H](O)[C@@H]1OP([O-])([O-])=O)[n]1c[n]c2c(N)[n]c[n]c12;0.268150657
CPD-8654;[O-]C(=O)[C@@H]1C/C(/C=C(N1)C([O-])=O)=C/C=[N+]1\[C@@H](Cc2cc(O[C@@H]3O[C@H](CO)[C@H](O)[C@@H](O)[C@@H]3O)c(O)cc\12)C([O-])=O;0.473066896
CPD-14824;OC[C@H]1O[C@H](OC[C@@H]2O[C@@H](Oc3cc(O)c4C(=O)C=C(Oc4c3)c3ccc(O)cc3)[C@@H](O)[C@H](O)[C@H]2O)[C@@H](O)[C@H](O)[C@H]1O;0.180426791
LOGANATE;C[C@@H]1[C@H]2[C@@H](C[C@H]1O)C(=CO[C@@H]2O[C@H]1O[C@@H](CO)[C@@H](O)[C@@H](O)[C@H]1O)C([O-])=O;0.141598105
CO-A;CC(C)(CO[P@]([O-])(=O)O[P@]([O-])(=O)OC[C@@H]1O[C@@H]([C@H](O)[C@H]1OP([O-])([O-])=O)[n]1c[n]c2c(N)[n]c[n]c12)[C@@H](O)C(=O)NCCC(=O)NCCS;0.082910858
CPD-12038;Oc1ccc(cc1)O/C=C1\Oc2cc(O)ccc2C\1=O;0.205121264
CPD-15175;COc1c2OC(=CC(=O)c2c(O)cc1O[C@@H]1O[C@H](CO)[C@@H](O)[C@@H](O)[C@H]1O)c1ccccc1;0.108497337
CPD-14962;C[C@H]1O[C@H](OC[C@@H]2O[C@@H](OC3C(=O)c4c(cc(O)cc4O)OC=3c3ccc(cc3)OC)[C@@H](O)[C@@H](O)[C@@H]2O)[C@H](O)[C@@H](O)[C@H]1O;0.09905114
CPD-14844;OC[C@H]1O[C@H](OC[C@@H]2O[C@@H](OC3C(=O)c4c(cc(O)cc4O)OC=3c3cc(O)c(O)c(O)c3)[C@H](O)[C@@H](O)[C@@H]2O)[C@H](O)[C@@H](O)[C@@H]1O;0.263016254
CPD-7965;[O-]c1cc2[o+]c(c(cc2c(c1)O[C@@H]1O[C@H](COC(=O)/C=C/c2cc(O)c(O)cc2)[C@@H](O)[C@@H](O)[C@H]1O)O[C@H]1O[C@@H](CO)[C@H](O)[C@@H](O)[C@H]1O)-c1cc(O[C@@H]2O[C@@H](COC(=O)/C=C\c3cc(O)c(O)cc3)[C@H](O)[C@H](O)[C@@H]2O)c(O)c(O)c1;0.168919876
CPDQT-419;CSCCCCCCCC/C(=N\O)/S[C@H]1O[C@H](CO)[C@H](O)[C@@H](O)[C@@H]1O;0.21085377
CPD-7963;[O-]c1cc2[o+]c(c(cc2c(c1)O[C@@H]1O[C@@H](COC(=O)/C=C/c2cc(O)c(O)cc2)[C@H](O)[C@@H](O)[C@H]1O)O[C@H]1O[C@H](CO)[C@@H](O)[C@H](O)[C@@H]1O)-c1cc(O[C@H]2O[C@H](CO)[C@H](O)[C@@H](O)[C@@H]2O)c(O)c(O)c1;0.147209495
CPD-4442;C/C(/CO)=C\CNc1[n]c[n]c2c1[n]c[n]2[C@H]1O[C@@H](CO)[C@@H](O)[C@@H]1O;0.233519733
CPD-11881;COc1cc(ccc1O)[C@H](O)CC(=O)SCCNC(=O)CCNC(=O)[C@@H](O)C(C)(C)CO[P@]([O-])(=O)O[P@@]([O-])(=O)OC[C@@H]1O[C@H]([C@@H](O)[C@H]1OP([O-])([O-])=O)[n]1c[n]c2c(N)[n]c[n]c12;0.332181245
CPD-5521;C[C@@H]1O[C@H](Oc2cc3OC(=C(O[C@@H]4O[C@H](CO)[C@@H](O)[C@H](O)[C@H]4O)C(=O)c3c(O)c2)c2cc(O)c(O)cc2)[C@@H](O)[C@@H](O)[C@@H]1O;0.23312135
CPD-15288;[O-]C(=O)[C@@H](O)CC(=O)OC[C@H]1O[C@H](Oc2cc3c(cc([O-])cc3[O-])[o+]c2-c2cc(O)c(O)c(O)c2)[C@H](O)[C@@H](O)[C@H]1O;0.047441278
CPD-15369;CCCCCC[C@@H](O)C/C=C\CCCCCCC[C@H](O)CC(=O)SCCNC(=O)CCNC(=O)[C@@H](O)C(C)(C)CO[P@]([O-])(=O)O[P@]([O-])(=O)OC[C@@H]1O[C@@H]([C@@H](O)[C@@H]1OP([O-])([O-])=O)[n]1c[n]c2c(N)[n]c[n]c12;0.393018723
5-O-INDOL-3-YLACETYL-MYO-ETCETERA;OC[C@H]1O[C@@H](O[C@H]2[C@H](OC(=O)Cc3c[nH]c4ccccc43)[C@H](O)[C@H](O)[C@H](O)[C@@H]2O)[C@H](O)[C@H](O)[C@@H]1O;0.194785953
CPD-17480;Oc1cc2O[C@H]([C@@H](O)c3ccc(cc3)O[C@@H]3O[C@H](CO)[C@@H](O)[C@H](O)[C@@H]3O)C(=O)c2cc1;0.126576245
CPD-9249;CC1(C)[C@H]2CC[C@@]3(C)[C@H](C[C@@H](O)[C@H]4[C@@H](CC[C@@]34C)[C@](C)(CCC=C(C)C)O[C@H]3O[C@@H](CO)[C@H](O)[C@H](O)[C@H]3O)[C@@]2(C)CC[C@@H]1O[C@H]1O[C@H](CO)[C@@H](O)[C@H](O)[C@H]1O[C@H]1O[C@H](CO)[C@@H](O)[C@H](O)[C@@H]1O;0.244969457
CPD-10504;C[C@@H]1O[C@@H](OC[C@H]2O[C@H](Oc3cc4c(cc(O)cc4O[C@@H]4O[C@H](CO)[C@H](O)[C@@H](O)[C@H]4O)[o+]c3-c3cc(OC)c(O)cc3)[C@@H](O)[C@H](O)[C@@H]2O)[C@H](O)[C@@H](O)[C@@H]1OC(=O)/C=C/c1ccc(O)cc1;0.074168675
CPD-14276;CCCCCCCCCCCCCCCCCCC[C@H](O)CC(=O)SCCNC(=O)CCNC(=O)[C@H](O)C(C)(C)CO[P@]([O-])(=O)O[P@]([O-])(=O)OC[C@@H]1O[C@@H]([C@@H](O)[C@@H]1OP([O-])([O-])=O)[n]1c[n]c2c(N)[n]c[n]c12;0.211007237
CPD-9214;C[C@@H]1C[N@@H+]2[C@H](CC1)[C@H](C)[C@@H]1[C@H]2C[C@H]2[C@@H]3CC=C4C[C@H](CC[C@@]4(C)[C@@H]3CC[C@]21C)O[C@H]1O[C@H](CO)[C@@H](O[C@H]2O[C@H](C)[C@H](O)[C@@H](O)[C@@H]2O)[C@@H](O)[C@@H]1O[C@@H]1O[C@@H](C)[C@H](O)[C@@H](O)[C@@H]1O;0.128254682
CPD-11523;CC/C=C/C[C@H]1[C@H](CCC[C@H](O)CC(=O)SCCNC(=O)CCNC(=O)[C@@H](O)C(C)(C)CO[P@]([O-])(=O)O[P@]([O-])(=O)OC[C@@H]2O[C@H]([C@H](O)[C@@H]2OP([O-])([O-])=O)[n]2c[n]c3c(N)[n]c[n]c23)CCC1=O;0.29967615
CPD-7140;[O-]c1cc2[o+]c(c(cc2c(c1)O[C@H]1O[C@@H](CO)[C@@H](O)[C@@H](O)[C@H]1O)O[C@H]1O[C@@H](COC(=O)/C=C/c2cc(O)c(O)cc2)[C@@H](O)[C@@H](O)[C@@H]1O)-c1ccc(O)cc1;0.214900494
CPD-8656;[O-]C(=O)[C@H]1Cc2cc(O[C@H]3O[C@@H](CO)[C@H](O)[C@@H](O)[C@@H]3O)c(O)cc2N1;0.234055385
GDP-D-GLUCOSE;NC1NC(=O)c2[n]c[n]([C@H]3O[C@H](CO[P@@]([O-])(=O)O[P@]([O-])(=O)O[C@@H]4O[C@H](CO)[C@@H](O)[C@H](O)[C@@H]4O)[C@H](O)[C@@H]3O)c2N=1;0.164951771
CPD-196;CCCCCCCC(=O)SCCNC(=O)CCNC(=O)[C@H](O)C(C)(C)CO[P@]([O-])(=O)O[P@]([O-])(=O)OC[C@@H]1O[C@H]([C@H](O)[C@H]1OP([O-])([O-])=O)[n]1c[n]c2c(N)[n]c[n]c12;0.11703822
METHYL-MALONYL-COA;C[C@@H](C(=O)SCCNC(=O)CCNC(=O)[C@H](O)C(C)(C)CO[P@@]([O-])(=O)O[P@]([O-])(=O)OC[C@@H]1O[C@@H]([C@@H](O)[C@H]1OP([O-])([O-])=O)[n]1c[n]c2c(N)[n]c[n]c12)C([O-])=O;0.29602775
CPD-9711;COc1cc2[C@H]3[C@@H](COc2cc1OC)Oc1c(ccc2O[C@H](Cc21)C(=C)CO)[C@@H]3O;0.230587289
CPD-16529;COc1cc(ccc1O)/C=C/C(=O)OC[C@@H]1O[C@H](OC[C@H]2O[C@H](Oc3cc4c(cc([O-])cc4[O-])[o+]c3-c3cc(O)c(O)cc3)[C@@H](O[C@@H]3OC[C@H](O)[C@@H](O)[C@H]3O)[C@H](O)[C@@H]2O)[C@H](O)[C@@H](O)[C@@H]1O;0.272370636
CPD-14454;Oc1ccc2c(c1)OC(=O)C=C2O[C@H]1O[C@@H](CO)[C@H](O)[C@H](O)[C@@H]1O;0.143171594
CPD-13118;C[C@H]1O[C@H](O[P@]([O-])(=O)O[P@@]([O-])(=O)OC[C@@H]2O[C@H]([C@@H](O)[C@@H]2O)[n]2c[n]c3c2N=C(N)NC3=O)[C@H](O)[C@@H](O)[C@@H]1O;0.206722334
BENZOYLCOA;CC(C)(CO[P@@]([O-])(=O)O[P@@]([O-])(=O)OC[C@@H]1O[C@H]([C@H](O)[C@@H]1OP([O-])([O-])=O)[n]1c[n]c2c(N)[n]c[n]c12)[C@@H](O)C(=O)NCCC(=O)NCCSC(=O)c1ccccc1;0.20553939
1-KESTOTRIOSE;OC[C@]1(OC[C@]2(O[C@H]3O[C@H](CO)[C@H](O)[C@@H](O)[C@@H]3O)O[C@H](CO)[C@@H](O)[C@@H]2O)O[C@@H](CO)[C@H](O)[C@@H]1O;0.214479104
CPD-7075;C[C@H]1O[C@H](OC[C@H]2O[C@@H](Oc3cc(O)c4C(=O)C[C@H](Oc4c3)c3cc(O)c(cc3)OC)[C@H](O)[C@@H](O)[C@@H]2O)[C@H](O)[C@H](O)[C@@H]1O;0.126252651
CPD-14775;CC(C)(CO[P@@]([O-])(=O)O[P@@]([O-])(=O)OC[C@@H]1O[C@H]([C@H](O)[C@@H]1OP([O-])([O-])=O)[n]1c[n]c2c(N)[n]c[n]c12)[C@H](O)C(=O)NCCC(=O)NCCSC(=O)CCCCCCCCCCCCCCCCCCCCC([O-])=O;0.237376988
MALTOTRIOSE;O[C@H]1O[C@H](CO)[C@H](O[C@H]2O[C@H](CO)[C@H](O[C@H]3O[C@@H](CO)[C@H](O)[C@H](O)[C@H]3O)[C@@H](O)[C@@H]2O)[C@@H](O)[C@H]1O;0.164581299
CPD-16558;C[C@H]1O[C@@H](OC[C@@H]2O[C@H](Oc3cc4c([O-])cc(cc4[o+]c3-c3cc(O)c(O)c(O)c3)O[C@@H]3O[C@H](CO)[C@@H](O)[C@H](O)[C@@H]3O)[C@@H](O)[C@@H](O)[C@@H]2O)[C@@H](O)[C@H](O)[C@@H]1O;0.077929974
CPD-15000;[O-]c1cc2[o+]c(c(cc2c([O-])c1)O[C@@H]1O[C@@H](CO[C@@H]2O[C@H](COC(=O)/C=C/c3ccc(O)cc3)[C@@H](O)[C@H](O)[C@@H]2O)[C@@H](O)[C@@H](O)[C@@H]1O[C@H]1OC[C@H](O)[C@@H](O)[C@@H]1O)-c1cc(O)c(O)cc1;0.248904243
CPD-10283;CCCCCCCCCCCCCCCCCCCC(=O)CC(=O)SCCNC(=O)CCNC(=O)[C@@H](O)C(C)(C)CO[P@]([O-])(=O)O[P@]([O-])(=O)OC[C@H]1O[C@@H]([C@H](O)[C@H]1OP([O-])([O-])=O)[n]1c[n]c2c(N)[n]c[n]c12;0.145446181
CPD-14835;COc1cc(ccc1O)/C=C\C(\O)=C\C(=O)/C=C/c1cc(OC)c(cc1)O[C@H]1O[C@H](CO[C@@H]2O[C@H](CO[C@H]3O[C@@H](CO)[C@H](O)[C@H](O)[C@H]3O)[C@H](O)[C@@H](O)[C@H]2O)[C@@H](O)[C@H](O)[C@H]1O;0.245045021
CPD-10349;OC[C@H]1O[C@@H]([C@H](O)[C@@H](O)[C@@H]1O)c1c(cc2OC(=CC(=O)c2c1O)c1ccc(O)cc1)O[C@@H]1OC[C@H](O)[C@@H](O)[C@H]1O;0.171531588
CPD-14274;CCCCCCCCCCCCCCCCCCCCCCCC(=O)CC(=O)SCCNC(=O)CCNC(=O)[C@@H](O)C(C)(C)CO[P@]([O-])(=O)O[P@]([O-])(=O)OC[C@H]1O[C@@H]([C@@H](O)[C@@H]1OP([O-])([O-])=O)[n]1c[n]c2c(N)[n]c[n]c12;0.308120906
CPD-17641;CC(C)(CO[P@@]([O-])(=O)O[P@@]([O-])(=O)OC[C@@H]1O[C@H]([C@H](O)[C@@H]1OP([O-])([O-])=O)[n]1c[n]c2c(N)[n]c[n]c12)[C@H](O)C(=O)NCCC(=O)NCCSC(=O)CCCCCCCCCCCCCCCCCO;0.070598103
CPD-7960;[O-]c1cc2[o+]c(c(cc2c(c1)O[C@H]1O[C@@H](COC(=O)/C=C/c2cc(O)c(O)cc2)[C@H](O)[C@H](O)[C@@H]1O)O[C@@H]1O[C@@H](CO)[C@H](O)[C@H](O)[C@@H]1O)-c1cc(O)c(O)c(O)c1;0.078818746
CPD-18158;Oc1c([C@H]2O[C@@H](CO)[C@H](O)[C@@H](O)[C@@H]2O)c(cc2OC(=CC(=O)c12)c1ccc(O)cc1)O[C@H]1O[C@@H](CO)[C@H](O)[C@@H](O)[C@@H]1O;0.072951496
CPD-14553;[O-][P@@](=O)(O[C@@H]1O[C@@H](CO)[C@@H](O)[C@H](O)[C@H]1O)O[P@@]([O-])(=O)OC[C@H]1O[C@@H]([C@H](O)[C@H]1O)N1C=CC(=O)NC1=O;0.18349655
CPD-18156;[O-]c1cc2OC(=CC(=O)c2c(O)c1[C@@H]1O[C@H](CO)[C@H](O)[C@@H](O)[C@H]1O[C@@H]1CO[C@H](O)[C@@H](O)[C@@H]1O)c1ccc(O)cc1;0.247163996
CPD-7843;[O-]c1cc(O)cc2[o+]c(c(cc21)O[C@H]1O[C@H](CO)[C@H](O)[C@@H](O)[C@@H]1O[C@H]1O[C@@H](CO)[C@H](O)[C@H](O)[C@@H]1O)-c1ccc(O)cc1;0.161769405
CPDQT-523;CC(C)[C@@H](C)[C@H](O[C@H]1O[C@@H](CO)[C@H](O)[C@@H](O)[C@@H]1O)[C@@H](O)[C@H](C)[C@H]1CC[C@@H]2[C@H]3COC(=O)[C@@H]4C[C@@H](O)[C@H](O)C[C@]4(C)[C@H]3CC[C@@]21C;0.276105583
CPD-16537;OC[C@@H]1O[C@H](Oc2cc(O)cc3[o+]c(c(cc23)O[C@@H]2O[C@@H](COC(=O)/C=C/c3ccc(O)cc3)[C@H](O)[C@H](O)[C@H]2O[C@H]2OC[C@H](O)[C@@H](O)[C@@H]2O)-c2cc(O)c(O)cc2)[C@@H](O)[C@H](O)[C@@H]1O;0.219842881
CPD-15079;Oc1cc2O[C@](O)(CC(=O)c2c(O)c1)c1cc(O)c(O)cc1;0.361305296
CPD-12733;C[C@H]1O[C@@H](OC[C@@H]2O[C@@H](O)[C@H](O)[C@@H](O)[C@@H]2O)[C@H](O)[C@@H](O)[C@H]1O;0.221148327
CPD-4612;C/C(/CO)=C/CNc1[n]c[n]c2[n]c[n]([C@@H]3O[C@@H](CO)[C@H](O)[C@H](O)[C@@H]3O)c21;0.203615308
CPD-7612;CC1(C)C[C@H](O)[C@@]2(C)CC[C@@]3(C)C(=CC[C@@H]4[C@@]3(C)CC[C@@H]3[C@@](C)(CO)[C@H](CC[C@@]34C)O[C@H]3O[C@@H]([C@@H](O)[C@@H](O)[C@H]3O)C([O-])=O)[C@H]2C1;0.279073328
CPD-3422;[O-]C(=O)CC(=O)OC[C@H]1O[C@@H](Oc2cc3OC=C(c4ccc(O)cc4)C(=O)c3c(O)c2)[C@@H](O)[C@@H](O)[C@H]1O;0.127235562
SUC-COA;CC(C)(CO[P@@]([O-])(=O)O[P@]([O-])(=O)OC[C@H]1O[C@@H]([C@@H](O)[C@@H]1OP([O-])([O-])=O)[n]1c[n]c2c(N)[n]c[n]c12)[C@H](O)C(=O)NCCC(=O)NCCSC(=O)CCC([O-])=O;0.152203307
CPD-7231;[O-]C(=O)[C@H](O)CC[NH2+][C@@H]([C@@H](O)C[N@@]1CC[C@H]1C([O-])=O)C([O-])=O;0.398314059
CPD-264;CC(C)(CO[P@]([O-])(=O)O[P@]([O-])(=O)OC[C@H]1O[C@@H]([C@@H](O)[C@@H]1OP([O-])([O-])=O)[n]1c[n]c2c(N)[n]c[n]c12)[C@H](O)C(=O)NCCC(=O)NCCSC(=O)c1cc(O)ccc1;0.131178021
STEAROYL-COA;CCCCCCCCCCCCCCCCCC(=O)SCCNC(=O)CCNC(=O)[C@@H](O)C(C)(C)CO[P@]([O-])(=O)O[P@@]([O-])(=O)OC[C@@H]1O[C@H]([C@H](O)[C@H]1OP([O-])([O-])=O)[n]1c[n]c2c(N)[n]c[n]c12;0.310325652
CPD-18097;[O-]c1cc(O)cc2[o+]c(c(cc21)O[C@H]1O[C@H](COC(=O)/C=C\c2cc(O)c(O)cc2)[C@@H](O)[C@H](O)[C@H]1O[C@H]1OC[C@@H](O)[C@H](O)[C@H]1O)-c1cc(O)c(O)cc1;0.103055887
CPD-7260;[O-]c1cc(O)c2C(=O)C(O[C@H]3O[C@@H](CO)[C@H](O)[C@@H](O)[C@H]3O)=C(Oc2c1)c1ccc(O)cc1;0.106852315
CPD-14431;Oc1cccc2c1OC(=O)C=C2O[C@@H]1O[C@H](CO)[C@@H](O)[C@@H](O)[C@@H]1O;0.233505666
CPD-11529;CC/C=C/C[C@H]1[C@H](CC(=O)SCCNC(=O)CCNC(=O)[C@H](O)C(C)(C)CO[P@@]([O-])(=O)O[P@]([O-])(=O)OC[C@H]2O[C@@H]([C@@H](O)[C@@H]2OP([O-])([O-])=O)[n]2c[n]c3c(N)[n]c[n]c23)CCC1=O;0.231740475
CPD-16560;C[C@H]1O[C@@H](OC[C@@H]2O[C@@H](Oc3cc4c([O-])cc(cc4[o+]c3-c3cc(O)c(O)c(O)c3)O[C@@H]3O[C@H](COC(=O)c4ccc(cc4)O[C@@H]4O[C@H](CO)[C@@H](O)[C@H](O)[C@H]4O)[C@H](O)[C@@H](O)[C@@H]3O)[C@@H](O)[C@H](O)[C@H]2O)[C@@H](O)[C@@H](O)[C@@H]1O;0.336684853
CPD-14989;OC[C@H]1O[C@@H](OC2=C(Oc3cc(O)cc(O)c3C2=O)c2cc(O)c(O)cc2)[C@H](O)[C@H](OC(=O)/C=C/c2ccc(O)cc2)[C@H]1O;0.113129772
CPD-7059;C[C@H]1O[C@@H](OC[C@H]2O[C@@H](Oc3cc(O)c4C(=O)C[C@@H](Oc4c3)c3ccc(O)cc3)[C@@H](O)[C@H](O)[C@H]2O)[C@@H](O)[C@H](O)[C@@H]1O;0.124342568
UDP-GLUCURONATE;[O-]C(=O)[C@H]1O[C@@H](O[P@]([O-])(=O)O[P@@]([O-])(=O)OC[C@@H]2O[C@H]([C@H](O)[C@@H]2O)N2C=CC(=O)NC2=O)[C@H](O)[C@@H](O)[C@@H]1O;0.177236408
CPD-8676;COc1cc(/C=C/C(=O)O[C@H]2[C@H](O[C@H]3[C@@H](Oc4cc5C[C@H](C([O-])=O)/[N+](=C/C=C6/C[C@@H]([NH2+]C(=C/6)C([O-])=O)C([O-])=O)/c5cc4O)O[C@@H](CO)[C@@H](O)[C@@H]3O)O[C@@H]([C@H](O)[C@H]2O)C([O-])=O)ccc1O;0.223167792
CPD-12447;[O-]c1cc(O)c(C(=O)CCc2ccc(O)cc2)c(c1)O[C@H]1O[C@@H](CO)[C@H](O)[C@@H](O)[C@@H]1O;0.166797847
2-METHYL-ACETO-ACETYL-COA;CC(=O)[C@@H](C)C(=O)SCCNC(=O)CCNC(=O)[C@H](O)C(C)(C)CO[P@@]([O-])(=O)O[P@@]([O-])(=O)OC[C@H]1O[C@@H]([C@@H](O)[C@H]1OP([O-])([O-])=O)[n]1c[n]c2c(N)[n]c[n]c12;0.329455674
CPD-14961;COc1ccc(cc1)C1Oc2cc(O)cc(O)c2C(=O)C=1O[C@H]1O[C@H](CO)[C@@H](O)[C@H](O)[C@@H]1O;0.100515597
CPD-15365;CC/C=C\CC[C@H](O)C/C=C/CCCCCCCC(=O)SCCNC(=O)CCNC(=O)[C@H](O)C(C)(C)CO[P@]([O-])(=O)O[P@]([O-])(=O)OC[C@H]1O[C@@H]([C@@H](O)[C@H]1OP([O-])([O-])=O)[n]1c[n]c2c(N)[n]c[n]c12;0.215685025
CPD-4619;C/C(/CO)=C/CNc1[n]c[n]c2c1[n]c[n]2[C@@H]1O[C@@H](CO)[C@H](O)[C@@H](O)[C@@H]1O;0.103659019
CPD-513;CC(C)(CO[P@]([O-])(=O)O[P@]([O-])(=O)OC[C@@H]1O[C@H]([C@H](O)[C@H]1OP([O-])([O-])=O)[n]1c[n]c2c(N)[n]c[n]c12)[C@H](O)C(=O)NCCC(=O)NCCSC(=O)C[C@@H](O)c1ccccc1;0.152572826
CPD-4615;C[C@H](CCNc1[n]c[n]c2[n]c[n]([C@H]3O[C@H](CO)[C@@H](O)[C@H](O)[C@@H]3O)c21)CO;0.122332379
CPD-17638;CCCCC[C@H](O)CCCCCC(=O)SCCNC(=O)CCNC(=O)[C@H](O)C(C)(C)CO[P@@]([O-])(=O)O[P@]([O-])(=O)OC[C@H]1O[C@@H]([C@H](O)[C@H]1OP([O-])([O-])=O)[n]1c[n]c2c(N)[n]c[n]c12;0.14110747
CPD-15371;[O-]C(=O)CC(=O)OC[C@@H]1O[C@@H](Oc2cc3c(cc([O-])cc3[O-])[o+]c2-c2cc(O[C@@H]3O[C@@H](COC(=O)/C=C/c4ccc(O)cc4)[C@H](O)[C@@H](O)[C@@H]3O)c(O)c(c2)O[C@@H]2O[C@H](CO)[C@@H](O)[C@@H](O)[C@H]2O)[C@H](O)[C@@H](O)[C@H]1O;0.053013936
CPD-18169;Oc1c([C@@H]2O[C@H](CO)[C@@H](O)[C@H](O)[C@H]2O[C@H]2O[C@@H](CO)[C@H](O)[C@H](O)[C@H]2O)c(cc2OC(=CC(=O)c12)c1ccc(O)cc1)O[C@@H]1O[C@@H](CO)[C@@H](O)[C@@H](O)[C@@H]1O;0.185213566
BENZYL-DESULFOGLUCOSINOLATE;OC[C@@H]1O[C@@H](S/C(/Cc2ccccc2)=N/O)[C@H](O)[C@@H](O)[C@H]1O;0.244870692
CPD-8068;Oc1cc(O)cc2OC(=C(O[C@H]3O[C@H](CO)[C@@H](O)[C@H](O)[C@@H]3O[C@@H]3O[C@@H](CO)[C@H](O)[C@@H](O)[C@@H]3O[C@@H]3O[C@H](CO)[C@H](O)[C@@H](O)[C@@H]3O)C(=O)c12)c1ccc(O)cc1;0.181341246
CPD-1042;N#C[C@@H](O[C@@H]1O[C@@H](CO)[C@H](O)[C@H](O)[C@H]1O)c1ccc(O)cc1;0.403241426
FAD;Cc1cc2c(cc1C)N=C1C(=NC(=O)[N-]C1=O)N2C[C@H](O)[C@@H](O)[C@H](O)CO[P@]([O-])(=O)O[P@@]([O-])(=O)OC[C@@H]1O[C@H]([C@H](O)[C@H]1O)[n]1c[n]c2c(N)[n]c[n]c12;0.137082458
CPD-14843;OC[C@H]1O[C@H](OC2C(=O)c3c(cc(O)cc3O)OC=2c2cc(O)c(O)c(O)c2)[C@@H](O)[C@H](O)[C@H]1O;0.096931204
CPD1F-766;[O-]c1cc2[o+]c(c(cc2c([O-])c1)O[C@H]1O[C@H](CO)[C@H](O)[C@@H](O)[C@@H]1O)-c1cc(O)c(O)cc1;0.205809027
ACRYLYL-COA;CC(C)(CO[P@@]([O-])(=O)O[P@]([O-])(=O)OC[C@H]1O[C@@H]([C@@H](O)[C@@H]1OP([O-])([O-])=O)[n]1c[n]c2c(N)[n]c[n]c12)[C@H](O)C(=O)NCCC(=O)NCCSC(=O)C=C;0.158995748
CPD-16528;COc1cc(cc(OC)c1O)/C=C/C(=O)OC[C@@H]1O[C@H](OC[C@@H]2O[C@@H](Oc3cc4c(cc([O-])cc4[O-])[o+]c3-c3cc(O)c(O)cc3)[C@H](O[C@H]3OC[C@@H](O)[C@@H](O)[C@@H]3O)[C@@H](O)[C@@H]2O)[C@H](O)[C@@H](O)[C@H]1O;0.183903083
CPD-10500;COc1cc(ccc1O)-c1[o+]c2cc(O)cc(O)c2cc1O;0.251419276
CPD-4564;COc1ccc(cc1)C1=COc2cc(cc(O)c2C1=O)O[C@H]1O[C@@H](COC(=O)CC([O-])=O)[C@H](O)[C@@H](O)[C@H]1O;0.150360018
CPD-11527;CC/C=C/C[C@@H]1[C@@H](C[C@@H](O)CC(=O)SCCNC(=O)CCNC(=O)[C@@H](O)C(C)(C)CO[P@@]([O-])(=O)O[P@]([O-])(=O)OC[C@H]2O[C@@H]([C@@H](O)[C@@H]2OP([O-])([O-])=O)[n]2c[n]c3c(N)[n]c[n]c23)CCC1=O;0.21880959
CPD-9965;CCCCCCCCCCCCCCCCCCCC(=O)SCCNC(=O)CCNC(=O)[C@H](O)C(C)(C)CO[P@]([O-])(=O)O[P@@]([O-])(=O)OC[C@@H]1O[C@@H]([C@@H](O)[C@H]1OP([O-])([O-])=O)[n]1c[n]c2c(N)[n]c[n]c12;0.157469839
CPD-12464;O[C@H]1[C@H](CO)O[C@](CO)(O[C@H]2O[C@H](CO[C@H]3O[C@H](CO)[C@@H](O)[C@H](O)[C@H]3O)[C@@H](O[C@H]3O[C@H](CO)[C@@H](O)[C@@H](O)[C@@H]3O)[C@@H](O)[C@@H]2O)[C@@H]1O;0.2315972
CPD-13255;CC1(C)C[C@H](O)[C@@]2(C)CC[C@@]3(C)C(=CC[C@@H]4[C@]3(C)CC[C@H]3[C@](C)(CO)[C@@H](CC[C@]34C)O[C@H]3O[C@@H]([C@@H](O)[C@H](O)[C@@H]3O[C@H]3O[C@H](CO)[C@@H](O)[C@@H](O)[C@@H]3O[C@H]3O[C@H](C)[C@H](O)[C@@H](O)[C@@H]3O)C([O-])=O)[C@H]2C1;0.254883111
ACETYL-COA;CC(=O)SCCNC(=O)CCNC(=O)[C@@H](O)C(C)(C)CO[P@]([O-])(=O)O[P@]([O-])(=O)OC[C@@H]1O[C@H]([C@H](O)[C@@H]1OP([O-])([O-])=O)[n]1c[n]c2c(N)[n]c[n]c12;0.240917698
UDP-D-GALACTURONATE;[O-]C(=O)[C@H]1O[C@@H](O[P@]([O-])(=O)O[P@@]([O-])(=O)OC[C@@H]2O[C@H]([C@H](O)[C@@H]2O)N2C=CC(=O)NC2=O)[C@H](O)[C@@H](O)[C@@H]1O;0.177236408
METHACRYLYL-COA;CC(=C)C(=O)SCCNC(=O)CCNC(=O)[C@@H](O)C(C)(C)CO[P@@]([O-])(=O)O[P@@]([O-])(=O)OC[C@H]1O[C@@H]([C@@H](O)[C@@H]1OP([O-])([O-])=O)[n]1c[n]c2c(N)[n]c[n]c12;0.07187292
CMP-KDO;NC1C=CN([C@H]2O[C@@H](CO[P@]([O-])(=O)O[C@@]3(C[C@@H](O)[C@H](O)[C@H](O3)[C@H](O)CO)C([O-])=O)[C@H](O)[C@H]2O)C(=O)N=1;0.055892047
VICIANOSE;O[C@H]1CO[C@H](OC[C@@H]2O[C@H](O)[C@H](O)[C@H](O)[C@H]2O)[C@@H](O)[C@H]1O;0.058873255
CPD-477;C[C@]1(C[C@@H](O)C[C@]2(C)[C@@H]3CC[C@]4(O)C[C@]3(CC4=C)[C@@H]([C@H]12)C([O-])=O)C([O-])=O;0.142022774
3-HYDROXY-3-METHYL-GLUTARYL-COA;CC(C)(CO[P@]([O-])(=O)O[P@@]([O-])(=O)OC[C@H]1O[C@H]([C@H](O)[C@H]1OP([O-])([O-])=O)[n]1c[n]c2c(N)[n]c[n]c12)[C@H](O)C(=O)NCCC(=O)NCCSC(=O)C[C@@](C)(O)CC([O-])=O;0.258067161
CPD-201;CC(C)(CO[P@@]([O-])(=O)O[P@]([O-])(=O)OC[C@H]1O[C@@H]([C@@H](O)[C@H]1OP([O-])([O-])=O)[n]1c[n]c2c(N)[n]c[n]c12)[C@@H](O)C(=O)NCCC(=O)NCCSC(=O)c1ccc(O)cc1;0.201750994
SINAPOYL-COA;CC(C)(CO[P@@]([O-])(=O)O[P@]([O-])(=O)OC[C@@H]1O[C@H]([C@H](O)[C@H]1OP([O-])([O-])=O)[n]1c[n]c2c(N)[n]c[n]c12)[C@@H](O)C(=O)NCCC(=O)NCCSC(=O)/C=C\c1cc(OC)c(O)c(c1)OC;0.303327292
2-METHYL-BUTYRYL-COA;C[C@H](CC)C(=O)SCCNC(=O)CCNC(=O)[C@@H](O)C(C)(C)CO[P@@]([O-])(=O)O[P@]([O-])(=O)OC[C@H]1O[C@@H]([C@@H](O)[C@H]1OP([O-])([O-])=O)[n]1c[n]c2c(N)[n]c[n]c12;0.260368288
NAD;NC(=O)c1c[n+](ccc1)[C@@H]1O[C@@H](CO[P@]([O-])(=O)O[P@@]([O-])(=O)OC[C@H]2O[C@@H]([C@@H](O)[C@@H]2O)[n]2c[n]c3c2[n]c[n]c3N)[C@@H](O)[C@H]1O;0.136813477
CPD-14990;COc1cc(ccc1O)C1Oc2cc(O)cc(O)c2C(=O)C=1O[C@@H]1O[C@@H](CO)[C@@H](O)[C@H](OC(=O)/C=C/c2ccc(O)cc2)[C@@H]1O;0.065211065
P-COUMAROYL-COA;CC(C)(CO[P@@]([O-])(=O)O[P@@]([O-])(=O)OC[C@@H]1O[C@H]([C@H](O)[C@H]1OP([O-])([O-])=O)[n]1c[n]c2c(N)[n]c[n]c12)[C@H](O)C(=O)NCCC(=O)NCCSC(=O)/C=C/c1ccc(O)cc1;0.349195749
4-CYTIDINE-5-DIPHOSPHO-2-C;C[C@@](O)(CO)[C@@H](O)CO[P@]([O-])(=O)O[P@]([O-])(=O)OC[C@@H]1O[C@H]([C@@H](O)[C@@H]1O)N1C=CC(N)=NC1=O;0.067008205
CPD-10517;CC(C)(CO[P@@](O)(=O)O[P@](O)(=O)OC[C@H]1O[C@@H]([C@@H](O)[C@H]1OP(O)(O)=O)[n]1c[n]c2c(N)[n]c[n]c12)[C@@H](O)C(=O)NCCC(=O)NCCSC(=O)C[C@H](O)Cc1c[nH]c2ccccc12;0.220136628
CPD-16683;COc1cc(C[C@H](CO[C@H]2O[C@H](CO)[C@@H](O)[C@H](O)[C@@H]2O)[C@@H](Cc2ccc(O)c(c2)OC)CO)ccc1O;0.155192763
CPD-10678;C[C@@]12C[C@H](O)[C@@]3(C)C[C@H](OC(=O)c4ccccc4NC)[C@@](C)(C[C@H]3[C@]31O[C@H]3C[C@@H]1[C@]2(C)CC[C@H]2[C@@](C)(CO)[C@H](CC[C@]21C)O[C@@H]1OC[C@H](O[C@@H]2O[C@H](CO)[C@@H](O)[C@H](O)[C@H]2O)[C@@H](O)[C@@H]1O[C@@H]1O[C@@H](CO)[C@H](O)[C@@H](O)[C@H]1O)C=O;0.301470309
LOGANIN;C[C@@H]1[C@@H]2[C@H](C[C@H]1O)C(=CO[C@H]2O[C@H]1O[C@@H](CO)[C@H](O)[C@@H](O)[C@H]1O)C(=O)OC;0.083852358
CPD-9472;CC1(C)CC[C@@]2(CC[C@]3(C)C(=CC[C@@H]4[C@]3(C)CC[C@H]3[C@](C)(C=O)[C@@H](O)CC[C@]34C)[C@@H]2C1)C(=O)O[C@@H]1O[C@H](CO)[C@H](O)[C@H](O)[C@@H]1O;0.406262785
CPD-6623;COc1cc(/C=C\C(\O)=C/C(=O)/C=C/c2cc(OC)c(cc2)O[C@@H]2O[C@@H](CO)[C@@H](O)[C@H](O)[C@@H]2O)ccc1O[C@H]1O[C@H](CO)[C@@H](O)[C@@H](O)[C@@H]1O;0.200498119
6-O-BETA-D-XYLOPYRANOSYL;O[C@H]1CO[C@H](OC[C@@H]2O[C@H](O)[C@H](O)[C@H](O)[C@H]2O)[C@@H](O)[C@H]1O;0.058873255
CPD-12112;CC(C)(CO[P@@]([O-])(=O)O[P@@]([O-])(=O)OC[C@H]1O[C@@H]([C@@H](O)[C@@H]1OP([O-])([O-])=O)[n]1c[n]c2c(N)[n]c[n]c12)[C@@H](O)C(=O)NCCC(=O)NCCSC(=O)c1ccccc1O;0.196999997
CPD-7073;COc1ccc(cc1O)[C@H]1CC(=O)c2c(cc(cc2O)O[C@H]2O[C@H](CO)[C@H](O)[C@H](O)[C@H]2O)O1;0.143155396
CPD-15105;[O-]c1cc2OC(=C(O[C@@H]3O[C@H](CO)[C@H](O)[C@@H](O)[C@H]3O[C@H]3O[C@@H](CO)[C@H](O)[C@@H](O)[C@@H]3O)C(=O)c2c(O)c1)c1ccc(O)cc1;0.116947912
CPD1F-437;[O-]c1cc2OC(=C(O[C@@H]3O[C@@H](CO)[C@H](O)[C@H](O)[C@H]3O)C(=O)c2c(O)c1)c1cc(O)c(O)cc1;0.113735229
CPD-9693;COc1cc2OCOc2cc1C1=COc2cc(O[C@@H]3O[C@@H](CO[C@H]4OC[C@](O)(CO)[C@H]4O)[C@H](O)[C@H](O)[C@@H]3O)c(cc2C1=O)OC;0.095574126
CPD-14992;OC[C@H]1O[C@@H](OC2=C(Oc3cc(O)cc(O)c3C2=O)c2cc(O)c(O)cc2)[C@@H](O)[C@@H](O)[C@@H]1OC(=O)/C=C/c1ccc(O)cc1;0.099163353
CPD-15370;CCCCCC[C@@H](O)C/C=C\CCCCCCC/C=C\C(=O)SCCNC(=O)CCNC(=O)[C@H](O)C(C)(C)CO[P@]([O-])(=O)O[P@]([O-])(=O)OC[C@@H]1O[C@H]([C@H](O)[C@H]1OP([O-])([O-])=O)[n]1c[n]c2c(N)[n]c[n]c12;0.254315019
CPD-9211;C[C@@H]1C[N@@H+]2[C@H](CC1)[C@H](C)[C@@H]1[C@H]2C[C@H]2[C@H]3CC=C4C[C@@H](CC[C@]4(C)[C@@H]3CC[C@]21C)O[C@H]1O[C@@H](CO)[C@@H](O)[C@H](O[C@H]2O[C@@H](CO)[C@H](O)[C@@H](O)[C@@H]2O)[C@H]1O[C@H]1O[C@H](C)[C@@H](O)[C@H](O)[C@@H]1O;0.206029475
CPD-4204;C/C(/CO)=C\CNc1[n]c[n]c2c1[n]c[n]2[C@H]1O[C@H](CO[P@@]([O-])(=O)OP([O-])([O-])=O)[C@@H](O)[C@@H]1O;0.256486177
CPD-15287;[O-]C(=O)[C@@H](O)CC(=O)OC[C@@H]1O[C@@H](Oc2cc3c(cc(O)cc3[O-])[o+]c2-c2ccc(O)cc2)[C@H](O)[C@@H](O)[C@H]1O;0.209487095
CPD-12102;CC1(C)[C@@H]2CC[C@@]3(C)[C@@H](C[C@@H](O)[C@@H]4[C@H](CC[C@]34C)[C@](C)(O)CCC=C(C)C)[C@]2(C)CC[C@@H]1O[C@@H]1O[C@H](CO)[C@@H](O)[C@H](O)[C@H]1O[C@@H]1O[C@@H](CO)[C@@H](O)[C@H](O)[C@H]1O;0.30930081
CPD-16542;[O-]C(=O)CC(=O)OC[C@H]1O[C@H](Oc2cc3c(cc([O-])cc3[O-])[o+]c2-c2cc(O)c(O)cc2)[C@@H](O)[C@@H](O)[C@@H]1O;0.096340306
CPD-8665;C/C(=C/C=C/C(/C)=C/C=C/C=C(\C)/C=C\C=C(\C)/C(=O)O[C@H]1O[C@@H](CO)[C@@H](O)[C@H](O)[C@H]1O)/C(=O)O[C@@H]1O[C@@H](CO[C@H]2O[C@@H](CO)[C@H](O)[C@@H](O)[C@H]2O)[C@H](O)[C@@H](O)[C@@H]1O;0.185122028
R-VICIANIN;N#C[C@H](O[C@H]1O[C@@H](CO[C@@H]2OC[C@H](O)[C@@H](O)[C@@H]2O)[C@@H](O)[C@@H](O)[C@@H]1O)c1ccccc1;0.14592433
CPD-7844;[O-]c1cc(O)cc2[o+]c(c(cc21)O[C@H]1O[C@H](CO)[C@@H](O)[C@H](O)[C@H]1O[C@H]1O[C@H](CO)[C@@H](O)[C@@H](O)[C@@H]1O)-c1cc(O)c(O)c(O)c1;0.122688174
NADH;NC(=O)C1CC=CN(C=1)[C@@H]1O[C@@H](CO[P@]([O-])(=O)O[P@@]([O-])(=O)OC[C@@H]2O[C@@H]([C@@H](O)[C@H]2O)[n]2c[n]c3c2[n]c[n]c3N)[C@H](O)[C@H]1O;0.07132861
CPD-11519;CC/C=C/C[C@@H]1[C@@H](CCCCC[C@@H](O)CC(=O)SCCNC(=O)CCNC(=O)[C@H](O)C(C)(C)CO[P@]([O-])(=O)O[P@]([O-])(=O)OC[C@H]2O[C@@H]([C@@H](O)[C@@H]2OP([O-])([O-])=O)[n]2c[n]c3c(N)[n]c[n]c23)CCC1=O;0.276324123
DTDP-RHAMNOSE;CC1=CN([C@H]2C[C@@H](O)[C@@H](CO[P@]([O-])(=O)O[P@]([O-])(=O)O[C@H]3O[C@H](C)[C@@H](O)[C@@H](O)[C@H]3O)O2)C(=O)NC1=O;0.354973406
CPD-14976;O[C@H]1[C@@H](O)[C@@H](O[C@H](COC(=O)/C=C/c2ccc(O)cc2)[C@H]1O)OC1=C(Oc2cc(O)cc(O)c2C1=O)c1ccc(O)cc1;0.13146241
CPD-9407;C[C@@H](CC([O-])=O)C(=O)SCCNC(=O)CCNC(=O)[C@H](O)C(C)(C)CO[P@@]([O-])(=O)O[P@@]([O-])(=O)OC[C@H]1O[C@@H]([C@@H](O)[C@@H]1OP([O-])([O-])=O)[n]1c[n]c2c(N)[n]c[n]c12;0.355722249
DAPHNIN;Oc1c2OC(=O)C=Cc2ccc1O[C@H]1O[C@@H](CO)[C@@H](O)[C@H](O)[C@@H]1O;0.256253868
CPD-16624;C[C@]12CC[C@@H]3[C@@](C)(CO)[C@@H](CC[C@]3(C)[C@@H]1C[C@@H]1O[C@]31[C@@H]1C[C@@](C)(C=O)[C@H](C[C@@]1(C)[C@H](O)C[C@]23C)OC(=O)c1ccccc1N)O[C@H]1OC[C@H](O[C@@H]2O[C@@H](CO)[C@@H](O)[C@@H](O)[C@@H]2O)[C@H](O)[C@H]1O[C@H]1O[C@H](CO)[C@@H](O)[C@H](O)[C@H]1O;0.29480353
10-DEACETYL-2-DEBENZOYLBACCATIN-III;CC1(C)C2[C@H](O)C(=O)[C@@]3(C)[C@H]([C@@H](O)[C@]1(O)C[C@H](O)C=2C)[C@@]1(CO[C@@H]1C[C@H]3O)OC(C)=O;0.331656039
2-PHOSPHO-4-CYTIDINE-5-DIPHOSPHO-2-C-MET;C[C@](CO)(OP([O-])([O-])=O)[C@H](O)CO[P@]([O-])(=O)O[P@]([O-])(=O)OC[C@H]1O[C@@H]([C@@H](O)[C@@H]1O)N1C=CC(N)=NC1=O;0.163231164
CPD-13328;COc1cc(/C=C/C(=O)SCCNC(=O)CCNC(=O)[C@@H](O)C(C)(C)CO[P@@]([O-])(=O)O[P@]([O-])(=O)OC[C@@H]2O[C@H]([C@H](O)[C@H]2OP([O-])([O-])=O)[n]2c[n]c3c(N)[n]c[n]c23)c(O)cc1O;0.224342287
CPD-8006;[O-]C1C(=O)c2c(cc(cc2O)O[C@H]2O[C@@H](CO)[C@@H](O)[C@H](O)[C@H]2O)OC=1c1cc(O)c(O)cc1;0.1831709
CPD-14732;CC(C)=CCC[C@](C)(C=C)O[C@H]1O[C@@H](CO[C@@H]2OC[C@@H](O)[C@@H](O)[C@H]2O)[C@H](O)[C@H](O)[C@H]1O;0.172396511
UDP-L-RHAMNOSE;C[C@@H]1O[C@H](O[P@]([O-])(=O)O[P@]([O-])(=O)OC[C@H]2O[C@H]([C@@H](O)[C@H]2O)N2C=CC(=O)NC2=O)[C@H](O)[C@@H](O)[C@H]1O;0.126352504
CPD-9475;CC1(C)CC[C@@]2(CC[C@]3(C)C(=CC[C@@H]4[C@]3(C)CC[C@@H]3[C@](C)([C@H](O)CC[C@@]34C)C([O-])=O)[C@@H]2C1)C(=O)O[C@@H]1O[C@H](CO)[C@@H](O)[C@H](O)[C@@H]1O;0.233973309
CPD-14271;CCCCCCCCCCCCCCCCCC(=O)CC(=O)SCCNC(=O)CCNC(=O)[C@@H](O)C(C)(C)CO[P@]([O-])(=O)O[P@]([O-])(=O)OC[C@H]1O[C@H]([C@@H](O)[C@@H]1OP([O-])([O-])=O)[n]1c[n]c2c(N)[n]c[n]c12;0.149161637
GDP-MANNOSE;NC1NC(=O)c2[n]c[n]([C@H]3O[C@H](CO[P@@]([O-])(=O)O[P@]([O-])(=O)O[C@@H]4O[C@H](CO)[C@@H](O)[C@H](O)[C@@H]4O)[C@H](O)[C@@H]3O)c2N=1;0.164951771
CPD-1103;N#C[C@@H](O[C@@H]1O[C@@H](CO)[C@H](O)[C@H](O)[C@H]1O)c1ccc(O)cc1;0.403241426
CPD-8253;OC[C@@H]1O[C@@H](O[C@@H]2[C@H](O)[C@@H](O)[C@H](O)[C@@H](O)[C@H]2O)[C@@H](O)[C@@H](O)[C@H]1O;0.157404229
CPD-9250;CC1(C)[C@H]2CC[C@@]3(C)[C@H](C[C@@H](O)[C@@H]4[C@H](CC[C@@]34C)[C@@](C)(CCC=C(C)C)O[C@H]3O[C@H](CO[C@H]4O[C@@H](CO)[C@@H](O)[C@H](O)[C@H]4O)[C@@H](O)[C@H](O)[C@H]3O)[C@@]2(C)CC[C@@H]1O[C@H]1O[C@H](CO)[C@H](O)[C@@H](O)[C@@H]1O[C@@H]1O[C@@H](CO)[C@@H](O)[C@H](O)[C@@H]1O;0.292674422
CPD-16538;OC(=O)CC(=O)OC[C@@H]1O[C@@H](Oc2cc(O)cc3[o+]c(c(cc23)O[C@@H]2O[C@@H](COC(=O)/C=C/c3ccc(O)cc3)[C@H](O)[C@H](O)[C@@H]2O[C@@H]2OC[C@H](O)[C@@H](O)[C@@H]2O)-c2cc(O)c(O)cc2)[C@@H](O)[C@H](O)[C@H]1O;0.234111279
CPD0-2106;CCCCCC(=O)CC(=O)SCCNC(=O)CCNC(=O)[C@@H](O)C(C)(C)CO[P@@]([O-])(=O)O[P@]([O-])(=O)OC[C@H]1O[C@@H]([C@@H](O)[C@@H]1OP([O-])([O-])=O)[n]1c[n]c2c(N)[n]c[n]c12;0.143607959
CPD-15006;COc1cc(ccc1O)C(=O)O[C@H]1O[C@H](CO)[C@H](O)[C@@H](O)[C@@H]1O;0.364276886
CPD1F-453;[O-]c1cc(O)c2C(=O)C(O[C@H]3O[C@@H](CO)[C@H](O)[C@@H](O)[C@H]3O)=C(Oc2c1)c1ccc(O)cc1;0.106852315
CPD-12173;C[C@H](CO)C(=O)SCCNC(=O)CCNC(=O)[C@H](O)C(C)(C)CO[P@@]([O-])(=O)O[P@]([O-])(=O)OC[C@@H]1O[C@H]([C@H](O)[C@@H]1OP([O-])([O-])=O)[n]1c[n]c2c(N)[n]c[n]c12;0.33797124
CPD-16561;C[C@@H]1O[C@@H](OC[C@H]2O[C@H](Oc3cc4c([O-])cc(cc4[o+]c3-c3cc(O)c(O)c(O)c3)O[C@@H]3O[C@@H](COC(=O)c4ccc(cc4)O[C@@H]4O[C@H](COC(=O)c5ccc(O)cc5)[C@@H](O)[C@@H](O)[C@@H]4O)[C@@H](O)[C@H](O)[C@@H]3O)[C@@H](O)[C@@H](O)[C@@H]2O)[C@H](O)[C@@H](O)[C@@H]1O;0.186512113
CPD-204;C[C@]12[C@H](O)[C@@H](O)C[C@]3(OC1=O)[C@@H]2[C@H](C([O-])=O)[C@]12C[C@](O)(CC[C@H]13)C(=C)C2;0.430004001
CPD-15363;CCCCCCCC/C=C\CCCCCCCCCC(=O)SCCNC(=O)CCNC(=O)[C@H](O)C(C)(C)CO[P@@]([O-])(=O)O[P@]([O-])(=O)OC[C@@H]1O[C@H]([C@H](O)[C@H]1OP([O-])([O-])=O)[n]1c[n]c2c(N)[n]c[n]c12;0.328041255
CPD-1083;C/C(=C/C)/C(=O)SCCNC(=O)CCNC(=O)[C@@H](O)C(C)(C)CO[P@@]([O-])(=O)O[P@@]([O-])(=O)OC[C@@H]1O[C@H]([C@H](O)[C@@H]1OP([O-])([O-])=O)[n]1c[n]c2c(N)[n]c[n]c12;0.388717026
CPD-1125;N#C[C@H](O[C@H]1O[C@H](CO[C@@H]2O[C@H](CO)[C@H](O)[C@@H](O)[C@@H]2O)[C@H](O)[C@H](O)[C@@H]1O)c1ccccc1;0.143045574
UDP-OHMYR-GLUCOSAMINE;CCCCCCCCCCC[C@@H](O)CC(=O)O[C@@H]1[C@@H]([NH3+])[C@H](O[P@@]([O-])(=O)O[P@]([O-])(=O)OC[C@H]2O[C@@H]([C@H](O)[C@@H]2O)N2C=CC(=O)NC2=O)O[C@H](CO)[C@H]1O;0.119115002
CPD-16604;[O-]c1cc(cc2[o+]c(c(cc21)O[C@H]1O[C@H](CO)[C@@H](O)[C@H](O)[C@H]1O)-c1cc(O)c(O)cc1)O[C@H]1O[C@H](COC(=O)c2ccc(cc2)O[C@@H]2O[C@H](COC(=O)c3ccc(O)cc3)[C@H](O)[C@@H](O)[C@H]2O)[C@H](O)[C@H](O)[C@@H]1O;0.11510516
CPD-15024;C[C@@H]1O[C@H](Oc2cc3OC(=C(O[C@@H]4O[C@H](CO[C@@H]5O[C@@H](CO)[C@H](O)[C@H](O)[C@H]5O)[C@H](O)[C@H](O)[C@@H]4O)C(=O)c3c(O)c2)c2cc(O)c(O)cc2)[C@H](O)[C@H](O)[C@H]1O;0.148379877
CPD-8657;[O-]C(=O)[C@H]1Cc2cc(O[C@H]3O[C@H](CO)[C@@H](O)[C@@H](O)[C@H]3O[C@@H]3O[C@@H]([C@H](O)[C@@H](O)[C@@H]3O)C([O-])=O)c(O)cc2N1;0.238236517
CPD-14960;C[C@@H]1O[C@@H](OC[C@@H]2O[C@@H](OC3C(=O)c4c(cc(O)cc4O)OC=3c3ccc(cc3)OC)[C@H](O[C@H]3O[C@@H](CO)[C@H](O)[C@@H](O)[C@@H]3O)[C@@H](O)[C@@H]2O)[C@H](O)[C@@H](O)[C@H]1O;0.086454086
CPD-14734;O[C@H]1CO[C@H](OC[C@H]2O[C@@H](OCc3ccccc3)[C@H](O)[C@@H](O)[C@@H]2O)[C@H](O)[C@H]1O;0.174375251
CPD-8635;OC[C@H]1O[C@H](Oc2cc3O/C(=C/c4cc(O)c(O)c(O)c4)/C(=O)c3c(O)c2)[C@H](O)[C@H](O)[C@H]1O;0.120569237
CPD-14822;OC[C@@H]1O[C@H](OC[C@@H]2O[C@@H](OC[C@H]3O[C@H](OC[C@@H]4O[C@H](OC5C(=O)c6c(cc(O)cc6O)OC=5c5cc(O)c(O)cc5)[C@@H](O)[C@H](O)[C@H]4O)[C@@H](O)[C@@H](O)[C@H]3O)[C@@H](O)[C@@H](O)[C@H]2O)[C@@H](O)[C@@H](O)[C@H]1O;0.190063447
CPD-14916;CCCCC[C@H](O)CC(=O)SCCNC(=O)CCNC(=O)[C@@H](O)C(C)(C)CO[P@]([O-])(=O)O[P@]([O-])(=O)OC[C@H]1O[C@@H]([C@@H](O)[C@H]1OP([O-])([O-])=O)[n]1c[n]c2c(N)[n]c[n]c12;0.36652714
FERULOYL-COA;COc1cc(ccc1O)/C=C/C(=O)SCCNC(=O)CCNC(=O)[C@H](O)C(C)(C)CO[P@]([O-])(=O)O[P@]([O-])(=O)OC[C@@H]1O[C@@H]([C@H](O)[C@H]1OP([O-])([O-])=O)[n]1c[n]c2c(N)[n]c[n]c12;0.292843401
CPD-14731;CC(C)=CCC/C(/C)=C/CO[C@@H]1O[C@@H](CO[C@@H]2OC[C@@H](O)[C@H](O)[C@H]2O)[C@@H](O)[C@H](O)[C@H]1O;0.165166214
RUTIN;C[C@H]1O[C@@H](OC[C@H]2O[C@H](OC3C(=O)c4c(cc(O)cc4O)OC=3c3cc(O)c(O)cc3)[C@H](O)[C@@H](O)[C@@H]2O)[C@@H](O)[C@@H](O)[C@@H]1O;0.122681953
CPD-10280;CCCCCCCCCCCCCCCCCCCCCCCC(=O)SCCNC(=O)CCNC(=O)[C@@H](O)C(C)(C)CO[P@]([O-])(=O)O[P@]([O-])(=O)OC[C@@H]1O[C@@H]([C@@H](O)[C@@H]1OP([O-])([O-])=O)[n]1c[n]c2c(N)[n]c[n]c12;0.250513911
CPD-9203;CC1(C)C2[C@@H](OC(C)=O)C(=O)[C@@]3(C)[C@H]([C@H](OC(=O)c4ccccc4)[C@@]1(O)C[C@@H](OC(=O)[C@H](O)[C@@H]([NH3+])c1ccccc1)C=2C)[C@]1(CO[C@H]1C[C@@H]3O)OC(C)=O;0.237554684
CPD-11941;O[C@@H]1C[C@@H](Oc2cc(O)cc(O)c21)c1cc(O)c(O)cc1;0.23237446
CPD-15286;[O-]C(=O)[C@@H](O)CC(=O)O[C@H]1O[C@H](CO)[C@@H](O)[C@@H](O)[C@H]1O;0.01725583
CPD-8256;OC[C@@H]1O[C@H](OC[C@H]2O[C@@H](O[C@@H]3[C@@H](O)[C@H](O)[C@H](O)[C@H](O)[C@H]3O)[C@H](O)[C@H](O)[C@@H]2O)[C@H](O)[C@H](O)[C@H]1O;0.212000147
CPD-14988;OC[C@@H]1O[C@H](OC2=C(Oc3cc(O)cc(O)c3C2=O)c2ccc(O)cc2)[C@@H](O)[C@@H](OC(=O)/C=C/c2ccc(O)cc2)[C@@H]1O;0.168868408
CPD-15021;C[C@H]1O[C@H](Oc2cc3OC(=C(O[C@H]4O[C@H](CO)[C@@H](O)[C@@H](O)[C@@H]4O[C@@H]4O[C@@H](CO)[C@@H](O)[C@H](O)[C@@H]4O)C(=O)c3c(O)c2)c2cc(O)c(O)cc2)[C@H](O)[C@@H](O)[C@@H]1O;0.230038047
CPD-8084;CC/C=C\C/C=C/C/C=C/CCCCCCCC(=O)OC[C@@H](CO[C@@H]1O[C@H](CO[C@@H]2O[C@H](CO)[C@@H](O)[C@H](O)[C@H]2O)[C@@H](O)[C@H](O)[C@H]1O)OC(=O)CCCCCCC/C=C/C/C=C/CCCCC;0.34955737
CPD-14849;Oc1cc2OC(=C(O[C@@H]3O[C@@H](CO)[C@H](O)[C@@H](O)[C@@H]3O[C@H]3O[C@@H](CO)[C@H](O)[C@@H](O)[C@H]3O)C(=O)c2c(O)c1)c1cc(O)c(O)cc1;0.158421203
CPD-6203;C[C@]12[C@H]3[C@H](C([O-])=O)[C@]45CC(=C)[C@](O)(C4)CC[C@@H]5[C@@]3(COC1=O)CC[C@H]2O;0.237289965
CPD-8171;CCCCCCCCCCCCCC/C=C\CCCC(=O)SCCNC(=O)CCNC(=O)[C@@H](O)C(C)(C)CO[P@@]([O-])(=O)O[P@]([O-])(=O)OC[C@@H]1O[C@H]([C@H](O)[C@H]1OP([O-])([O-])=O)[n]1c[n]c2c(N)[n]c[n]c12;0.196573704
CPD-16539;COc1cc(cc(OC)c1O)/C=C\C(=O)O[C@H]1[C@@H](O[C@H]2[C@H](Oc3cc4c(cc(O)cc4O[C@@H]4O[C@H](COC(=O)CC(O)=O)[C@@H](O)[C@H](O)[C@H]4O)[o+]c3-c3cc(O)c(O)cc3)O[C@H](COC(=O)/C=C/c3ccc(O)cc3)[C@@H](O)[C@@H]2O)OC[C@@H](O)[C@@H]1O;0.303873122
NADP;NC(=O)c1c[n+](ccc1)[C@H]1O[C@H](CO[P@]([O-])(=O)O[P@@]([O-])(=O)OC[C@@H]2O[C@H]([C@H](OP([O-])([O-])=O)[C@H]2O)[n]2c[n]c3c2[n]c[n]c3N)[C@@H](O)[C@@H]1O;0.293807834
CPD-7866;[O-]c1cc2[o+]c(c(cc2c([O-])c1)O[C@H]1O[C@@H](COC(=O)/C=C/c2ccc(O)cc2)[C@@H](O)[C@H](O)[C@H]1O)-c1cc(O)c(O)cc1;0.189456582
CPD-7117;[O-]c1cc2[o+]c(c(cc2c([O-])c1)O[C@@H]1O[C@H](CO)[C@H](O)[C@H](O)[C@H]1O)-c1cc(O)c(O)c(O)c1;0.151914716
CPD-474;[O-]c1cc2O[C@H]([C@H](O)C(=O)c2c(O)c1)c1cc(O)c(O)cc1;0.418595225
CPD-14977;COc1cc(ccc1O)/C=C/C(=O)OC[C@H]1O[C@@H](OC2=C(Oc3cc(O)cc(O)c3C2=O)c2ccc(O)cc2)[C@@H](O)[C@H](O)[C@H]1O;0.177430049
CPD-7145;C[C@@H]1O[C@@H](OC[C@@H]2O[C@@H](Oc3cc4c([O-])cc(O)cc4[o+]c3-c3cc(O)c(O)c(O)c3)[C@@H](O)[C@@H](O)[C@H]2O)[C@@H](O)[C@@H](O)[C@H]1O;0.044703338
CPDQT-285;CSCCCCC/C(=N\O)/S[C@H]1O[C@@H](CO)[C@H](O)[C@@H](O)[C@@H]1O;0.158204749
APIGENIN-7-O-NEOHESPERIDOSIDE;C[C@H]1O[C@@H](O[C@H]2[C@@H](Oc3cc(O)c4C(=O)C=C(Oc4c3)c3ccc(O)cc3)O[C@@H](CO)[C@@H](O)[C@@H]2O)[C@H](O)[C@H](O)[C@@H]1O;0.211926207
3-METHYLTHIOPROPYL-DESULFO-GLUCOSINOLATE;CSCCC/C(=N\O)/S[C@@H]1O[C@H](CO)[C@H](O)[C@@H](O)[C@H]1O;0.150844604
CPD-7149;[O-]C(=O)CC(=O)OC[C@H]1O[C@@H](Oc2cc3c(cc(O)cc3[O-])[o+]c2-c2ccc(O)cc2)[C@@H](O)[C@@H](O)[C@@H]1O;0.151399761
CPD-8664;C/C(=C/C=C\C(\C)=C\C=C/C=C(/C)\C=C\C=C(/C)\C([O-])=O)/C(=O)O[C@H]1O[C@H](CO[C@@H]2O[C@H](CO)[C@H](O)[C@H](O)[C@@H]2O)[C@H](O)[C@H](O)[C@H]1O;0.177966863
DEAMIDO-NAD;Nc1[n]c[n]c2c1[n]c[n]2[C@H]1O[C@H](CO[P@]([O-])(=O)O[P@@]([O-])(=O)OC[C@@H]2O[C@H]([C@H](O)[C@@H]2O)[n+]2cc(ccc2)C([O-])=O)[C@@H](O)[C@@H]1O;0.079773881
CINNAMOYL-COA;CC(C)(CO[P@]([O-])(=O)O[P@@]([O-])(=O)OC[C@H]1O[C@@H]([C@@H](O)[C@@H]1OP([O-])([O-])=O)[n]1c[n]c2c(N)[n]c[n]c12)[C@H](O)C(=O)NCCC(=O)NCCSC(=O)/C=C/c1ccccc1;0.242993832
CPD-5922;CC(C)(CO[P@]([O-])(=O)O[P@@]([O-])(=O)OC[C@H]1O[C@@H]([C@@H](O)[C@@H]1OP([O-])([O-])=O)[n]1c[n]c2c(N)[n]c[n]c12)[C@@H](O)C(=O)NCCC(=O)NCCSC(=O)[C@@H](O)Cc1ccccc1;0.134527177
CPD-8257;OC[C@H]1O[C@H](O[C@@H]2[C@H](O)[C@@H](O)[C@@H](O)[C@H](O)[C@H]2O)[C@@H](O)[C@@H](O)[C@@H]1O;0.162837148
CPD-16684;COc1cc(C[C@H](CO[C@H]2O[C@H](CO)[C@H](O)[C@H](O)[C@H]2O)[C@H](Cc2cc(OC)c(O)cc2)CO[C@H]2O[C@@H](CO)[C@H](O)[C@@H](O)[C@@H]2O)ccc1O;0.275705159
CPD-17370;CC(C)(CO[P@]([O-])(=O)O[P@]([O-])(=O)OC[C@H]1O[C@H]([C@@H](O)[C@@H]1OP([O-])([O-])=O)[n]1c[n]c2c(N)[n]c[n]c12)[C@@H](O)C(=O)NCCC(=O)NCCSC(=O)CCCCCCC/C=C\CCCCCCCCO;0.306286067
SUCROSE;O[C@@H]1[C@H](O[C@@H](CO)[C@H](O)[C@@H]1O)O[C@@]1(CO)O[C@H](CO)[C@@H](O)[C@@H]1O;0.098584443
UDP-OHMYR-ACETYLGLUCOSAMINE;CC(=O)N[C@H]1[C@@H](O[C@H](CO)[C@H](O)[C@@H]1OC(=O)C[C@H](O)CCCCCCCCCCC)O[P@]([O-])(=O)O[P@@]([O-])(=O)OC[C@@H]1O[C@H]([C@@H](O)[C@H]1O)N1C=CC(=O)NC1=O;0.05582488
CPD-14826;CC(C)(CO[P@@]([O-])(=O)O[P@]([O-])(=O)OC[C@@H]1O[C@H]([C@H](O)[C@@H]1OP([O-])([O-])=O)[n]1c[n]c2c(N)[n]c[n]c12)[C@@H](O)C(=O)NCCC(=O)NCCSC(=O)CCCCCCCCCCCCCCCCCCCCCO;0.334522665
CPD-13509;[O-]c1cc2OC(=C(O[C@@H]3O[C@@H](CO)[C@H](O)[C@H](O)[C@H]3O)C(=O)c2c(O)c1)c1cc(O)c(O)cc1;0.113735229
CPD-18093;[O-]c1cc(O[C@@H]2O[C@H](CO)[C@@H](O)[C@@H](O)[C@@H]2O)c2cc(O[C@H]3O[C@@H](CO)[C@H](O)[C@@H](O)[C@@H]3O[C@H]3OC[C@@H](O)[C@@H](O)[C@H]3O)c([o+]c2c1)-c1ccc(O)cc1;0.242049322
CPD1G-277;CCCCCCCCCCCCCCCCCCCCCCCCCC(=O)SCCNC(=O)CCNC(=O)[C@@H](O)C(C)(C)CO[P@]([O-])(=O)O[P@]([O-])(=O)OC[C@@H]1O[C@H]([C@H](O)[C@H]1OP([O-])([O-])=O)[n]1c[n]c2c(N)[n]c[n]c12;0.178705245
CPD-8013;C[C@H]1O[C@H](OC2C(=O)c3c(cc([O-])cc3O)OC=2c2cc(O)c(O)cc2)[C@H](O)[C@H](O)[C@@H]1O;0.128678381
CPD-12463;O[C@@H]1[C@@H](O[C@@H]2O[C@@H](CO)[C@H](O)[C@@H](O)[C@@H]2O)[C@@H](CO[C@@H]2O[C@@H](CO)[C@H](O)[C@@H](O)[C@@H]2O)O[C@@H](O[C@]2(CO[C@H]3O[C@H](CO)[C@@H](O)[C@@H](O)[C@@H]3O)O[C@H](CO)[C@@H](O)[C@@H]2O)[C@@H]1O;0.385963708
CPD-7384;[O-]c1cc2[o+]c(c(cc2c([O-])c1)O[C@@H]1O[C@@H](COC(=O)/C=C\c2ccc(O)cc2)[C@@H](O)[C@H](O)[C@H]1O)-c1ccc(O)cc1;0.19988215
CPD-9320;CC(C)=CCC/C(/CO)=C/Cc1cc(O)ccc1O;0.095186159
LUTEOLIN-7-O-NEOHESPERIDOSIDE;C[C@H]1O[C@@H](O[C@H]2[C@H](Oc3cc4OC(=CC(=O)c4c(O)c3)c3cc(O)c(O)cc3)O[C@H](CO)[C@@H](O)[C@@H]2O)[C@@H](O)[C@H](O)[C@@H]1O;0.268671155
UDP-L-ARABINOSE;[O-][P@](=O)(O[C@H]1OC[C@@H](O)[C@@H](O)[C@@H]1O)O[P@@]([O-])(=O)OC[C@H]1O[C@@H]([C@@H](O)[C@@H]1O)N1C=CC(=O)NC1=O;0.17068845
NADPH;NC(=O)C1CC=CN(C=1)[C@H]1O[C@H](CO[P@]([O-])(=O)O[P@@]([O-])(=O)OC[C@H]2O[C@@H]([C@@H](OP([O-])([O-])=O)[C@@H]2O)[n]2c[n]c3c2[n]c[n]c3N)[C@@H](O)[C@H]1O;0.104125604
CPD-13354;Oc1ccc(CCO[C@H]2O[C@H](CO)[C@H](O)[C@H](O)[C@H]2O)cc1;0.157148972
CPD-7842;[O-]c1cc(O)cc2[o+]c(c(cc21)O[C@H]1O[C@@H](CO)[C@H](O)[C@@H](O)[C@H]1O[C@@H]1O[C@H](CO)[C@@H](O)[C@H](O)[C@H]1O)-c1cc(O)c(O)cc1;0.02348624
DEACETYLISOIPECOSIDE;COC(=O)C1=CO[C@H](O[C@H]2O[C@@H](CO)[C@H](O)[C@@H](O)[C@@H]2O)[C@H](C=C)[C@@H]1C[C@@H]1[NH2+]CCc2cc(O)c(O)cc21;0.367059648
CPD-4616;C[C@@H](CCNc1[n]c[n]c2c1[n]c[n]2[C@H]1O[C@@H](CO)[C@@H](O)[C@H](O)[C@H]1O)CO;0.269482791
CPD-15366;CCCCCC[C@H](O)C/C=C\CCCCCCCCCC(=O)SCCNC(=O)CCNC(=O)[C@H](O)C(C)(C)CO[P@]([O-])(=O)O[P@@]([O-])(=O)OC[C@@H]1O[C@H]([C@H](O)[C@H]1OP([O-])([O-])=O)[n]1c[n]c2c(N)[n]c[n]c12;0.269884467
CPD1F-431;C[C@@H]1O[C@@H](Oc2cc(O)c3C(=O)C(O[C@H]4O[C@@H](CO[C@@H]5O[C@@H](CO)[C@@H](O)[C@H](O)[C@@H]5O)[C@H](O)[C@@H](O)[C@@H]4O)=C(Oc3c2)c2ccc(O)cc2)[C@@H](O)[C@H](O)[C@H]1O;0.260465533
CPD-14300;CCCCCCCC/C=C\CCCCCCCC(=O)CC(=O)SCCNC(=O)CCNC(=O)[C@@H](O)C(C)(C)CO[P@]([O-])(=O)O[P@]([O-])(=O)OC[C@@H]1O[C@H]([C@H](O)[C@H]1OP([O-])([O-])=O)[n]1c[n]c2c(N)[n]c[n]c12;0.120496809
CPD-14908;[O-]C1C(=O)c2c(cc(O[C@H]3O[C@H](CO)[C@@H](O)[C@@H](O)[C@@H]3O)c(O)c2O)OC=1c1cc(O)c(O)cc1;0.141537145
CPD-9406;CC[C@H](C(=O)SCCNC(=O)CCNC(=O)[C@H](O)C(C)(C)CO[P@@]([O-])(=O)O[P@@]([O-])(=O)OC[C@H]1O[C@@H]([C@@H](O)[C@H]1OP([O-])([O-])=O)[n]1c[n]c2c(N)[n]c[n]c12)C([O-])=O;0.111758441
PHOSPHORIBOSYL-AMP;N=C1c2[n]c[n]([C@@H]3O[C@H](COP([O-])([O-])=O)[C@@H](O)[C@H]3O)c2N=CN1[C@@H]1O[C@@H](COP([O-])([O-])=O)[C@@H](O)[C@@H]1O;0.110394537
CPD-18100;[O-]c1cc(O)cc2[o+]c(c(cc21)O[C@H]1O[C@@H](COC(=O)/C=C/c2cc(O)c(O)cc2)[C@@H](O)[C@H](O)[C@H]1O[C@H]1OC[C@@H](O)[C@H](O)[C@@H]1O)-c1ccc(O)cc1;0.400777996
VITEXIN-2-O-BETA-D-GLUCOSIDE;[O-]c1cc(O)c2C(=O)C=C(Oc2c1[C@H]1O[C@@H](CO)[C@H](O)[C@@H](O)[C@@H]1O[C@H]1O[C@@H](CO)[C@H](O)[C@H](O)[C@H]1O)c1ccc(O)cc1;0.141647264
CPD-16625;C[C@]12C[C@@H](O)[C@@](C)(C[C@H]1[C@]13O[C@H]1C[C@@H]1[C@]4(C)CC[C@@H](O[C@H]5OC[C@H](O)[C@@H](O)[C@H]5O[C@H]5O[C@H](CO)[C@@H](O)[C@H](O)[C@@H]5O)[C@@](C)(CO)[C@@H]4CC[C@@]1(C)[C@]3(C)C[C@H]2O)C=O;0.193517894
CPD-10536;C[C@]12CC[C@@H](C[C@H]1CC[C@@H]1[C@H]2CC[C@]2(C)[C@H](CC[C@]21O)C1COC(=O)C=1)O[C@H]1O[C@@H](CO)[C@@H](O)[C@H](O)[C@H]1O;0.176778302
CPDQT-417;CSCCCCCC/C(=N\O)/S[C@@H]1O[C@@H](CO)[C@@H](O)[C@H](O)[C@H]1O;0.23919186
OLEOYL-COA;CCCCCCCC/C=C\CCCCCCCC(=O)SCCNC(=O)CCNC(=O)[C@H](O)C(C)(C)CO[P@@]([O-])(=O)O[P@@]([O-])(=O)OC[C@H]1O[C@@H]([C@@H](O)[C@H]1OP([O-])([O-])=O)[n]1c[n]c2c(N)[n]c[n]c12;0.243906289
CPD-14735;O[C@H]1CO[C@H](OC[C@H]2O[C@@H](OCCc3ccccc3)[C@H](O)[C@@H](O)[C@@H]2O)[C@@H](O)[C@H]1O;0.193647459
CPD-14850;Oc1cc2OC(=C(O[C@H]3O[C@H](CO)[C@@H](O)[C@H](O)[C@@H]3O[C@H]3O[C@H](CO)[C@H](O)[C@@H](O)[C@H]3O[C@H]3O[C@@H](CO)[C@H](O)[C@@H](O)[C@@H]3O)C(=O)c2c(O)c1)c1cc(O)c(O)cc1;0.360044003
CPD-663;C[C@H]1O[C@H](O[P@@]([O-])(=O)O[P@@]([O-])(=O)OC[C@@H]2O[C@H]([C@H](O)[C@H]2O)N2C=CC(=O)NC2=O)[C@@H](O)[C@@H](O)C1=O;0.119408667
CPD-8007;[O-]C1C(=O)c2c(cc(cc2O)O[C@@H]2O[C@@H](CO)[C@@H](O)[C@H](O)[C@H]2O)OC=1c1ccc(O)cc1;0.289259523
CPD-12180;COc1cc(ccc1O)/C=C/C(=O)CC(=O)SCCNC(=O)CCNC(=O)[C@H](O)C(C)(C)CO[P@@]([O-])(=O)O[P@]([O-])(=O)OC[C@@H]1O[C@@H]([C@@H](O)[C@@H]1OP([O-])([O-])=O)[n]1c[n]c2c(N)[n]c[n]c12;0.418082774
CPD-12184;CC(C)(CO[P@]([O-])(=O)O[P@]([O-])(=O)OC[C@@H]1O[C@H]([C@H](O)[C@H]1OP([O-])([O-])=O)[n]1c[n]c2c(N)[n]c[n]c12)[C@H](O)C(=O)NCCC(=O)NCCSC(=O)CC(=O)/C=C/c1ccc(O)cc1;0.292734504
CPD-10347;Oc1c([C@H]2O[C@@H](CO)[C@H](O)[C@@H](O)[C@@H]2O)c(cc2OC(=CC(=O)c12)c1ccc(O)cc1)O[C@H]1O[C@@H](CO)[C@H](O)[C@@H](O)[C@@H]1O;0.072951496
CPD-4622;C/C(/CO[C@@H]1O[C@@H](CO)[C@H](O)[C@@H](O)[C@H]1O)=C/CNc1[n]c[n]c2c1[n]c[n]2[C@@H]1O[C@@H](CO)[C@@H](O)[C@H](O)[C@H]1O;0.335413069
CPD-14434;Oc1cccc2C=C(O[C@H]3O[C@@H](CO)[C@H](O)[C@@H](O)[C@@H]3O)C(=O)Oc12;0.267832875
CPD-8065;O[C@@H]1[C@H](CO[C@@H]2O[C@@H](CO)[C@H](O)[C@@H](O)[C@@H]2O)O[C@@H](OC[C@H]2O[C@@H](OC[C@H]3O[C@@H](O[C@@]4(CO)O[C@@H](CO)[C@H](O)[C@H]4O)[C@H](O)[C@H](O)[C@@H]3O)[C@H](O)[C@@H](O)[C@@H]2O)[C@H](O)[C@H]1O;0.24361971
CPD-8049;CO[C@@H]1[C@@H](O)[C@@H](O[C@@H]2O[C@@H](CO[C@H]3O[C@@H](CO)[C@H](O)[C@H](O)[C@H]3O)[C@H](O)[C@H](O)[C@H]2O)[C@@H](O)[C@@H](O)[C@H]1O;0.106197797
CPD-11522;CC/C=C/C[C@@H]1[C@@H](CCC/C=C\C(=O)SCCNC(=O)CCNC(=O)[C@@H](O)C(C)(C)CO[P@]([O-])(=O)O[P@@]([O-])(=O)OC[C@@H]2O[C@H]([C@H](O)[C@@H]2OP([O-])([O-])=O)[n]2c[n]c3c(N)[n]c[n]c23)CCC1=O;0.238585725
CPD-7074;C[C@H]1O[C@@H](O[C@@H]2[C@H](O[C@H](CO)[C@@H](O)[C@@H]2O)Oc2cc3O[C@@H](CC(=O)c3c(O)c2)c2cc(O)c(cc2)OC)[C@H](O)[C@@H](O)[C@@H]1O;0.234841704
MALONYL-COA;CC(C)(CO[P@@]([O-])(=O)O[P@@]([O-])(=O)OC[C@@H]1O[C@H]([C@H](O)[C@H]1OP([O-])([O-])=O)[n]1c[n]c2c(N)[n]c[n]c12)[C@@H](O)C(=O)NCCC(=O)NCCSC(=O)CC([O-])=O;0.431261778
CPD-9212;C[C@H]1C[N@@]2[C@H](CC1)[C@@H](C)[C@H]1[C@@H]2C[C@H]2[C@@H]3CC=C4C[C@@H](CC[C@@]4(C)[C@@H]3CC[C@]21C)O[C@H]1O[C@@H](CO)[C@H](O)[C@H](O[C@@H]2O[C@H](CO)[C@H](O)[C@@H](O)[C@@H]2O)[C@H]1O;0.093239017
CPD-10358;O[C@H]1Cc2c(cc(O)cc2O)O[C@@H]1c1cc(O)c(O)c(O)c1;0.233609959
CPD-14993;COc1cc(ccc1O)C1Oc2cc(O)cc(O)c2C(=O)C=1O[C@H]1O[C@H](CO)[C@@H](OC(=O)/C=C/c2ccc(O)cc2)[C@@H](O)[C@H]1O;0.196204841
CPD-14429;Oc1cc2C=CC(=O)Oc2cc1O[C@@H]1O[C@@H](CO)[C@H](O)[C@@H](O)[C@@H]1O;0.132647663
CPD-14980;COc1cc(ccc1O)C1Oc2cc(O)cc(O)c2C(=O)C=1O[C@@H]1O[C@H](COC(=O)/C=C/c2ccc(O)cc2)[C@@H](O)[C@H](O)[C@H]1O;0.118273251
CPD-17621;CC(C)(CO[P@]([O-])(=O)O[P@@]([O-])(=O)OC[C@H]1O[C@@H]([C@@H](O)[C@@H]1OP([O-])([O-])=O)[n]1c[n]c2c(N)[n]c[n]c12)[C@@H](O)C(=O)NCCC(=O)NCCSC(=O)CCCCCCCCCCCCCCCO;0.207655564
CPD-15447;CC1(C)[C@H]2[C@H](O)C[C@@]3(C)[C@H](C[C@H](O)[C@@H]4[C@H](CC[C@]34C)[C@@](C)(O)CCC=C(C)C)[C@@]2(C)CC[C@@H]1O;0.18999964
PHOSPHORIBOSYL-FORMIMINO-AICAR-P;NC(=O)c1[n]c[n]([C@@H]2O[C@H](COP([O-])([O-])=O)[C@@H](O)[C@@H]2O)c1/N=C/N[C@H]1O[C@H](COP([O-])([O-])=O)[C@@H](O)[C@@H]1O;0.089954265
1-O-GALLOYL-BETA-D-GLUCOSE;OC[C@H]1O[C@@H](OC(=O)c2cc(O)c(O)c(O)c2)[C@@H](O)[C@H](O)[C@H]1O;0.39205128
CPD-15445;CC1(C)[C@H]2[C@@H](C[C@]3(C)[C@@H](C[C@@H](O)[C@H]4[C@@H](CC[C@@]34C)[C@](C)(CCC=C(C)C)O[C@@H]3O[C@H](CO)[C@@H](O)[C@@H](O)[C@H]3O)[C@@]2(C)CC[C@@H]1O)O[C@H]1O[C@H](CO)[C@H](O)[C@H](O)[C@@H]1O;0.242130488
CPD-12199;CC(C)(CO[P@@]([O-])(=O)O[P@]([O-])(=O)OC[C@H]1O[C@@H]([C@@H](O)[C@@H]1OP([O-])([O-])=O)[n]1c[n]c2c(N)[n]c[n]c12)[C@H](O)C(=O)NCCC(=O)NCCSC(=O)C[C@@H](O)c1ccc(O)cc1;0.120013766
CPD-14742;CC(C)=CCC[C@](C)(C=C)O[C@H]1O[C@@H](CO[C@@H]2OC[C@@H](O)[C@@H](O)[C@H]2O)[C@H](O)[C@H](O)[C@H]1O;0.172396511
PHOSPHORIBULOSYL-FORMIMINO-AICAR-P;NC(=O)c1[n]c[n]([C@@H]2O[C@H](COP([O-])([O-])=O)[C@@H](O)[C@@H]2O)c1N/C=N/CC(=O)[C@@H](O)[C@H](O)COP([O-])([O-])=O;0.077666715
CPD-16599;C[C@@]12CC[C@@H]3[C@](C)(CO)[C@H](CC[C@]3(C)[C@@H]1C[C@H]1O[C@@]31[C@H]1C[C@](C)(C=O)[C@H](C[C@@]1(C)[C@@H](O)C[C@@]23C)OC(=O)c1ccccc1)O[C@H]1OC[C@H](O[C@H]2O[C@@H](CO)[C@@H](O)[C@H](O)[C@H]2O)[C@@H](O)[C@H]1O[C@H]1O[C@@H](CO)[C@H](O)[C@H](O)[C@H]1O;0.163839594
